pivovar_id,distinct_kategorie,pocet_kategorii,ale_styly,ale_pocet_stylov,lager_styly,lager_pocet_stylov,wheat_styly,wheat_pocet_stylov,non_alco_styly,non_alco_pocet_stylov,sour_styly,sour_pocet_stylov,special_styly,special_pocet_stylov,dark_styly,dark_pocet_stylov,celkova_diverzita
2,"DARK, LAGER, SPECIAL",3,NULL,0,NULL,0,NULL,0,NULL,0,NULL,0,NULL,0,NULL,0,3
3,"ALE, DARK, LAGER, NON-ALCO, SPECIAL, WHEAT",6,ipa,1,pilsner,1,oatmeal,1,NULL,0,NULL,0,NULL,0,NULL,0,6
4,ALE,1,ipa,1,NULL,0,NULL,0,NULL,0,NULL,0,NULL,0,NULL,0,1
6,"ALE, DARK, LAGER, NON-ALCO, SPECIAL",5,"english pale ale, ipa",2,pilsner,1,NULL,0,NULL,0,NULL,0,NULL,0,bock,1,6
7,ALE,1,"american pale ale, ipa",2,NULL,0,NULL,0,NULL,0,NULL,0,NULL,0,NULL,0,2
9,"ALE, DARK, LAGER, SPECIAL",4,american pale ale,1,pilsner,1,NULL,0,NULL,0,NULL,0,NULL,0,NULL,0,4
10,"ALE, LAGER",2,ipa,1,NULL,0,NULL,0,NULL,0,NULL,0,NULL,0,NULL,0,2
12,"ALE, LAGER, SPECIAL",3,NULL,0,NULL,0,NULL,0,NULL,0,NULL,0,NULL,0,NULL,0,3
14,LAGER,1,NULL,0,NULL,0,NULL,0,NULL,0,NULL,0,NULL,0,NULL,0,1
15,"ALE, LAGER, SPECIAL",3,american pale ale,1,NULL,0,NULL,0,NULL,0,NULL,0,NULL,0,NULL,0,3
16,LAGER,1,NULL,0,NULL,0,NULL,0,NULL,0,NULL,0,NULL,0,NULL,0,1
17,"ALE, DARK, LAGER, SPECIAL, WHEAT",5,"amber, american pale ale, english pale ale, ipa",4,NULL,0,NULL,0,NULL,0,NULL,0,NULL,0,"bock, dunkel, stout",3,10
18,"ALE, DARK, LAGER",3,amber,1,NULL,0,NULL,0,NULL,0,NULL,0,NULL,0,bock,1,3
20,"ALE, LAGER, SPECIAL, WHEAT",4,ipa,1,NULL,0,hefeweizen,1,NULL,0,NULL,0,barleywine,1,NULL,0,4
22,"DARK, LAGER, SPECIAL",3,NULL,0,NULL,0,NULL,0,NULL,0,NULL,0,NULL,0,NULL,0,3
23,"ALE, LAGER",2,ipa,1,NULL,0,NULL,0,NULL,0,NULL,0,NULL,0,NULL,0,2
24,"ALE, WHEAT",2,NULL,0,NULL,0,hefeweizen,1,NULL,0,NULL,0,NULL,0,NULL,0,2
25,"DARK, LAGER, SPECIAL",3,NULL,0,NULL,0,NULL,0,NULL,0,NULL,0,NULL,0,NULL,0,3
26,"ALE, LAGER",2,ipa,1,NULL,0,NULL,0,NULL,0,NULL,0,NULL,0,NULL,0,2
28,"ALE, DARK, LAGER, SOUR, WHEAT",5,"english pale ale, ipa",2,NULL,0,hefeweizen,1,NULL,0,NULL,0,NULL,0,"porter, stout",2,7
29,"ALE, DARK, LAGER, SOUR, SPECIAL, WHEAT",6,"american pale ale, belgian, ipa",3,NULL,0,NULL,0,NULL,0,NULL,0,NULL,0,stout,1,8
30,"ALE, LAGER",2,ipa,1,NULL,0,NULL,0,NULL,0,NULL,0,NULL,0,NULL,0,2
31,"DARK, LAGER, SPECIAL",3,NULL,0,NULL,0,NULL,0,NULL,0,NULL,0,NULL,0,NULL,0,3
32,"ALE, LAGER, SPECIAL, WHEAT",4,amber,1,NULL,0,hefeweizen,1,NULL,0,NULL,0,NULL,0,NULL,0,4
34,"ALE, DARK, LAGER, SPECIAL",4,NULL,0,pilsner,1,NULL,0,NULL,0,NULL,0,NULL,0,NULL,0,4
35,"ALE, DARK, LAGER, NON-ALCO, SPECIAL, WHEAT",6,"american pale ale, english pale ale",2,pilsner,1,hefeweizen,1,NULL,0,NULL,0,NULL,0,"porter, stout",2,8
36,"ALE, DARK, LAGER, NON-ALCO, SPECIAL",5,ipa,1,pilsner,1,NULL,0,NULL,0,NULL,0,NULL,0,NULL,0,5
37,LAGER,1,NULL,0,NULL,0,NULL,0,NULL,0,NULL,0,NULL,0,NULL,0,1
38,"LAGER, SPECIAL",2,NULL,0,NULL,0,NULL,0,NULL,0,NULL,0,NULL,0,NULL,0,2
39,"DARK, LAGER, SPECIAL",3,NULL,0,NULL,0,NULL,0,NULL,0,NULL,0,NULL,0,NULL,0,3
40,"ALE, DARK, LAGER, NON-ALCO, SPECIAL, WHEAT",6,NULL,0,pilsner,1,hefeweizen,1,NULL,0,NULL,0,NULL,0,NULL,0,6
41,"LAGER, SPECIAL",2,NULL,0,NULL,0,NULL,0,NULL,0,NULL,0,NULL,0,NULL,0,2
42,"DARK, LAGER, NON-ALCO, SPECIAL",4,NULL,0,pilsner,1,NULL,0,NULL,0,NULL,0,NULL,0,NULL,0,4
44,"ALE, DARK, LAGER, SPECIAL, WHEAT",5,"amber, american pale ale, ipa",3,marzen,1,hefeweizen,1,NULL,0,NULL,0,NULL,0,bock,1,7
45,LAGER,1,NULL,0,NULL,0,NULL,0,NULL,0,NULL,0,NULL,0,NULL,0,1
47,"DARK, LAGER, SPECIAL",3,NULL,0,NULL,0,NULL,0,NULL,0,NULL,0,NULL,0,NULL,0,3
48,LAGER,1,NULL,0,NULL,0,NULL,0,NULL,0,NULL,0,NULL,0,NULL,0,1
50,"ALE, DARK, LAGER, SPECIAL, WHEAT",5,ipa,1,NULL,0,hefeweizen,1,NULL,0,NULL,0,NULL,0,NULL,0,5
53,"ALE, DARK, LAGER",3,"amber, ipa",2,NULL,0,NULL,0,NULL,0,NULL,0,NULL,0,stout,1,4
54,"ALE, DARK, LAGER, SPECIAL, WHEAT",5,belgian,1,pilsner,1,hefeweizen,1,NULL,0,NULL,0,NULL,0,NULL,0,5
55,"ALE, DARK, LAGER, SPECIAL, WHEAT",5,"altbier, american pale ale, ipa",3,pilsner,1,hefeweizen,1,NULL,0,NULL,0,NULL,0,"porter, stout",2,8
56,"DARK, LAGER, SPECIAL",3,NULL,0,pilsner,1,NULL,0,NULL,0,NULL,0,NULL,0,NULL,0,3
57,"ALE, DARK, LAGER, SPECIAL",4,american pale ale,1,NULL,0,NULL,0,NULL,0,NULL,0,NULL,0,NULL,0,4
58,"ALE, DARK, LAGER, SPECIAL, WHEAT",5,"amber, american pale ale, ipa",3,pilsner,1,"hefeweizen, oatmeal",2,NULL,0,NULL,0,NULL,0,"bock, porter, stout",3,10
59,"LAGER, SPECIAL",2,NULL,0,NULL,0,NULL,0,NULL,0,NULL,0,NULL,0,NULL,0,2
60,"DARK, LAGER, SPECIAL",3,NULL,0,NULL,0,NULL,0,NULL,0,NULL,0,NULL,0,NULL,0,3
61,"LAGER, SPECIAL",2,NULL,0,pilsner,1,NULL,0,NULL,0,NULL,0,NULL,0,NULL,0,2
62,"ALE, DARK, LAGER, SPECIAL, WHEAT",5,"amber, ipa",2,pilsner,1,NULL,0,NULL,0,NULL,0,NULL,0,NULL,0,6
66,"LAGER, SPECIAL",2,NULL,0,NULL,0,NULL,0,NULL,0,NULL,0,NULL,0,NULL,0,2
67,"ALE, DARK, LAGER, SPECIAL, WHEAT",5,NULL,0,NULL,0,hefeweizen,1,NULL,0,NULL,0,NULL,0,NULL,0,5
68,"ALE, DARK, LAGER, SOUR, SPECIAL, WHEAT",6,"amber, american pale ale, english pale ale, ipa",4,pilsner,1,hefeweizen,1,NULL,0,gose,1,NULL,0,"bock, dunkel, porter, stout",4,12
69,"ALE, DARK, LAGER, SPECIAL, WHEAT",5,"american pale ale, ipa",2,pilsner,1,hefeweizen,1,NULL,0,NULL,0,NULL,0,bock,1,6
70,"ALE, DARK, LAGER, SPECIAL, WHEAT",5,"american pale ale, ipa",2,pilsner,1,hefeweizen,1,NULL,0,NULL,0,NULL,0,NULL,0,6
71,LAGER,1,NULL,0,pilsner,1,NULL,0,NULL,0,NULL,0,NULL,0,NULL,0,1
72,"LAGER, SPECIAL",2,NULL,0,NULL,0,NULL,0,NULL,0,NULL,0,NULL,0,NULL,0,2
73,"ALE, LAGER, SPECIAL, WHEAT",4,NULL,0,NULL,0,NULL,0,NULL,0,NULL,0,NULL,0,NULL,0,4
74,LAGER,1,NULL,0,NULL,0,NULL,0,NULL,0,NULL,0,NULL,0,NULL,0,1
75,"ALE, DARK, LAGER, SPECIAL, WHEAT",5,ipa,1,NULL,0,NULL,0,NULL,0,NULL,0,NULL,0,bock,1,5
76,"ALE, DARK, LAGER, SPECIAL, WHEAT",5,"altbier, amber, american pale ale, english pale ale, ipa",5,helles,1,hefeweizen,1,NULL,0,NULL,0,NULL,0,"bock, stout",2,10
77,"DARK, LAGER, SPECIAL",3,NULL,0,pilsner,1,NULL,0,NULL,0,NULL,0,NULL,0,NULL,0,3
78,"ALE, DARK, LAGER, NON-ALCO, SPECIAL",5,"american pale ale, ipa",2,NULL,0,NULL,0,NULL,0,NULL,0,NULL,0,stout,1,6
79,"ALE, LAGER, WHEAT",3,american pale ale,1,NULL,0,hefeweizen,1,NULL,0,NULL,0,NULL,0,NULL,0,3
80,"ALE, DARK, LAGER, SOUR, SPECIAL, WHEAT",6,"american pale ale, belgian, ipa, saison",4,steam beer,1,oatmeal,1,NULL,0,NULL,0,barleywine,1,"porter, stout",2,10
81,"ALE, LAGER, SPECIAL, WHEAT",4,NULL,0,NULL,0,hefeweizen,1,NULL,0,NULL,0,NULL,0,NULL,0,4
82,"LAGER, SPECIAL",2,NULL,0,NULL,0,NULL,0,NULL,0,NULL,0,NULL,0,NULL,0,2
83,"ALE, DARK, LAGER",3,"amber, american pale ale, belgian, ipa",4,helles,1,NULL,0,NULL,0,NULL,0,NULL,0,"porter, stout",2,7
84,LAGER,1,NULL,0,NULL,0,NULL,0,NULL,0,NULL,0,NULL,0,NULL,0,1
85,"ALE, DARK, LAGER",3,"american pale ale, belgian, ipa",3,festbier,1,NULL,0,NULL,0,NULL,0,NULL,0,porter,1,5
86,"LAGER, SPECIAL",2,NULL,0,NULL,0,NULL,0,NULL,0,NULL,0,NULL,0,NULL,0,2
87,LAGER,1,NULL,0,NULL,0,NULL,0,NULL,0,NULL,0,NULL,0,NULL,0,1
88,LAGER,1,NULL,0,NULL,0,NULL,0,NULL,0,NULL,0,NULL,0,NULL,0,1
89,"ALE, DARK, LAGER, SPECIAL",4,"american pale ale, belgian, ipa",3,NULL,0,NULL,0,NULL,0,NULL,0,pumpkin,1,stout,1,6
90,LAGER,1,NULL,0,NULL,0,NULL,0,NULL,0,NULL,0,NULL,0,NULL,0,1
91,"ALE, DARK, LAGER, SPECIAL",4,"amber, american pale ale, ipa",3,marzen,1,NULL,0,NULL,0,NULL,0,NULL,0,bock,1,6
92,"ALE, DARK, LAGER, SPECIAL",4,amber,1,NULL,0,NULL,0,NULL,0,NULL,0,NULL,0,NULL,0,4
93,"ALE, DARK, LAGER",3,american pale ale,1,NULL,0,NULL,0,NULL,0,NULL,0,NULL,0,stout,1,3
94,"ALE, DARK, LAGER, SPECIAL",4,"american pale ale, ipa",2,NULL,0,NULL,0,NULL,0,NULL,0,NULL,0,NULL,0,5
95,LAGER,1,NULL,0,NULL,0,NULL,0,NULL,0,NULL,0,NULL,0,NULL,0,1
98,"ALE, DARK, LAGER, SPECIAL, WHEAT",5,NULL,0,kellerbier,1,hefeweizen,1,NULL,0,NULL,0,NULL,0,NULL,0,5
100,"ALE, DARK, LAGER, WHEAT",4,"american pale ale, ipa",2,NULL,0,NULL,0,NULL,0,NULL,0,NULL,0,bock,1,5
101,"ALE, LAGER",2,"american pale ale, ipa",2,NULL,0,NULL,0,NULL,0,NULL,0,NULL,0,NULL,0,3
103,"ALE, DARK, LAGER, SOUR",4,"american pale ale, ipa",2,"festbier, helles",2,NULL,0,NULL,0,gose,1,NULL,0,dunkel,1,6
104,LAGER,1,NULL,0,NULL,0,NULL,0,NULL,0,NULL,0,NULL,0,NULL,0,1
106,"ALE, DARK, LAGER",3,ipa,1,NULL,0,NULL,0,NULL,0,NULL,0,NULL,0,stout,1,3
107,"ALE, DARK, LAGER, SPECIAL, WHEAT",5,"american pale ale, belgian, english pale ale, ipa, saison",5,NULL,0,NULL,0,NULL,0,NULL,0,NULL,0,stout,1,9
108,"ALE, DARK, LAGER, SPECIAL",4,ipa,1,NULL,0,NULL,0,NULL,0,NULL,0,NULL,0,stout,1,4
109,"ALE, SOUR",2,NULL,0,NULL,0,NULL,0,NULL,0,"fruit, lambic",2,NULL,0,NULL,0,3
110,"ALE, DARK, LAGER, SOUR, SPECIAL, WHEAT",6,NULL,0,NULL,0,hefeweizen,1,NULL,0,berliner weisse,1,NULL,0,porter,1,6
112,"ALE, DARK",2,ipa,1,NULL,0,NULL,0,NULL,0,NULL,0,NULL,0,NULL,0,2
113,"ALE, DARK, SOUR, WHEAT",4,"amber, american pale ale, belgian, ipa, saison",5,NULL,0,NULL,0,NULL,0,berliner weisse,1,NULL,0,stout,1,8
114,"ALE, DARK, LAGER",3,"amber, american pale ale, ipa",3,NULL,0,NULL,0,NULL,0,NULL,0,NULL,0,stout,1,5
115,"ALE, DARK, SPECIAL",3,ipa,1,NULL,0,oatmeal,1,NULL,0,NULL,0,NULL,0,stout,1,4
119,LAGER,1,NULL,0,NULL,0,NULL,0,NULL,0,NULL,0,NULL,0,NULL,0,1
120,"DARK, LAGER, SPECIAL",3,NULL,0,NULL,0,NULL,0,NULL,0,NULL,0,NULL,0,bock,1,3
122,"ALE, DARK, LAGER, SPECIAL",4,NULL,0,NULL,0,NULL,0,NULL,0,NULL,0,NULL,0,stout,1,4
126,"ALE, DARK, LAGER, SPECIAL",4,"amber, ipa",2,NULL,0,NULL,0,NULL,0,NULL,0,NULL,0,stout,1,5
127,"ALE, DARK, LAGER, WHEAT",4,"american pale ale, ipa",2,NULL,0,NULL,0,NULL,0,NULL,0,NULL,0,NULL,0,5
131,"ALE, LAGER, WHEAT",3,NULL,0,NULL,0,hefeweizen,1,NULL,0,NULL,0,NULL,0,NULL,0,3
132,"ALE, DARK, LAGER, SOUR",4,"amber, american pale ale, ipa, saison",4,NULL,0,NULL,0,NULL,0,NULL,0,NULL,0,NULL,0,7
133,"DARK, LAGER, SPECIAL",3,NULL,0,"festbier, helles, marzen",3,NULL,0,NULL,0,NULL,0,NULL,0,"bock, dunkel",2,6
134,"ALE, DARK, LAGER, SPECIAL",4,american pale ale,1,NULL,0,NULL,0,NULL,0,NULL,0,NULL,0,NULL,0,4
135,"ALE, LAGER, SOUR, SPECIAL, WHEAT",5,NULL,0,NULL,0,NULL,0,NULL,0,"berliner weisse, gose",2,NULL,0,NULL,0,6
136,"ALE, LAGER",2,"american pale ale, ipa",2,NULL,0,NULL,0,NULL,0,NULL,0,NULL,0,NULL,0,3
138,"ALE, LAGER",2,ipa,1,NULL,0,NULL,0,NULL,0,NULL,0,NULL,0,NULL,0,2
140,"ALE, DARK, LAGER, SOUR",4,"american pale ale, ipa, saison",3,pilsner,1,NULL,0,NULL,0,NULL,0,NULL,0,stout,1,6
145,"ALE, LAGER",2,ipa,1,NULL,0,NULL,0,NULL,0,NULL,0,NULL,0,NULL,0,2
146,"DARK, LAGER, SPECIAL",3,NULL,0,NULL,0,NULL,0,NULL,0,NULL,0,NULL,0,NULL,0,3
147,"DARK, LAGER, SPECIAL",3,NULL,0,NULL,0,NULL,0,NULL,0,NULL,0,NULL,0,NULL,0,3
148,"ALE, DARK, LAGER, SPECIAL, WHEAT",5,NULL,0,NULL,0,hefeweizen,1,NULL,0,NULL,0,NULL,0,NULL,0,5
150,"ALE, DARK, LAGER, SPECIAL, WHEAT",5,"american pale ale, ipa, saison",3,kellerbier,1,hefeweizen,1,NULL,0,NULL,0,pumpkin,1,stout,1,7
151,"ALE, DARK, LAGER, SPECIAL, WHEAT",5,ipa,1,NULL,0,hefeweizen,1,NULL,0,NULL,0,NULL,0,NULL,0,5
152,"ALE, DARK, LAGER, SOUR, SPECIAL, WHEAT",6,"amber, american pale ale, belgian, english pale ale, ipa, saison",6,"marzen, pilsner",2,hefeweizen,1,NULL,0,berliner weisse,1,pumpkin,1,"bock, porter, stout",3,14
153,ALE,1,ipa,1,NULL,0,NULL,0,NULL,0,NULL,0,NULL,0,NULL,0,1
154,"ALE, DARK, LAGER, SPECIAL",4,"american pale ale, ipa",2,NULL,0,NULL,0,NULL,0,NULL,0,NULL,0,stout,1,5
156,"DARK, LAGER, SPECIAL",3,NULL,0,NULL,0,NULL,0,NULL,0,NULL,0,NULL,0,NULL,0,3
157,LAGER,1,NULL,0,NULL,0,NULL,0,NULL,0,NULL,0,NULL,0,NULL,0,1
158,ALE,1,ipa,1,NULL,0,NULL,0,NULL,0,NULL,0,NULL,0,NULL,0,1
160,"ALE, DARK, LAGER, NON-ALCO, SPECIAL, WHEAT",6,"altbier, amber, belgian, english pale ale, ipa, kolsch",6,pilsner,1,hefeweizen,1,NULL,0,NULL,0,NULL,0,"porter, stout",2,12
161,"ALE, DARK, LAGER, SPECIAL, WHEAT",5,"amber, american pale ale",2,marzen,1,hefeweizen,1,NULL,0,NULL,0,NULL,0,NULL,0,6
162,ALE,1,ipa,1,NULL,0,NULL,0,NULL,0,NULL,0,NULL,0,NULL,0,1
164,"ALE, LAGER",2,saison,1,NULL,0,NULL,0,NULL,0,NULL,0,NULL,0,NULL,0,2
165,"LAGER, SPECIAL",2,NULL,0,NULL,0,NULL,0,NULL,0,NULL,0,NULL,0,NULL,0,2
166,"ALE, LAGER",2,american pale ale,1,NULL,0,NULL,0,NULL,0,NULL,0,NULL,0,dunkel,1,3
167,"ALE, DARK, LAGER, SOUR, SPECIAL, WHEAT",6,"amber, american pale ale, belgian, english pale ale, ipa, kolsch, saison",7,festbier,1,hefeweizen,1,NULL,0,"berliner weisse, gose",2,barleywine,1,"bock, porter, stout",3,15
168,"ALE, DARK, LAGER, SOUR, SPECIAL, WHEAT",6,"amber, american pale ale, english pale ale, ipa, saison",5,pilsner,1,oatmeal,1,NULL,0,"fruit, lambic",2,NULL,0,stout,1,11
170,"LAGER, SPECIAL",2,NULL,0,pilsner,1,NULL,0,NULL,0,NULL,0,NULL,0,NULL,0,2
171,"ALE, SOUR",2,"belgian, saison",2,NULL,0,NULL,0,NULL,0,NULL,0,NULL,0,NULL,0,3
172,"ALE, LAGER",2,NULL,0,NULL,0,NULL,0,NULL,0,NULL,0,NULL,0,NULL,0,2
173,"ALE, DARK, LAGER, SPECIAL, WHEAT",5,"amber, belgian, ipa, saison",4,pilsner,1,hefeweizen,1,NULL,0,NULL,0,NULL,0,"porter, stout",2,9
174,"ALE, DARK, LAGER, SOUR, SPECIAL, WHEAT",6,"american pale ale, belgian, ipa",3,NULL,0,NULL,0,NULL,0,NULL,0,NULL,0,"bock, stout",2,9
175,"ALE, LAGER, SPECIAL, WHEAT",4,ipa,1,NULL,0,NULL,0,NULL,0,NULL,0,NULL,0,NULL,0,4
176,"DARK, LAGER, SPECIAL",3,NULL,0,pilsner,1,NULL,0,NULL,0,NULL,0,NULL,0,NULL,0,3
178,LAGER,1,NULL,0,NULL,0,NULL,0,NULL,0,NULL,0,NULL,0,NULL,0,1
179,LAGER,1,NULL,0,NULL,0,NULL,0,NULL,0,NULL,0,NULL,0,NULL,0,1
180,"ALE, DARK, LAGER, SOUR",4,ipa,1,NULL,0,NULL,0,NULL,0,NULL,0,NULL,0,stout,1,4
181,"ALE, LAGER, WHEAT",3,ipa,1,NULL,0,hefeweizen,1,NULL,0,NULL,0,NULL,0,NULL,0,3
182,"DARK, LAGER, SPECIAL",3,NULL,0,pilsner,1,NULL,0,NULL,0,NULL,0,NULL,0,NULL,0,3
183,LAGER,1,NULL,0,NULL,0,NULL,0,NULL,0,NULL,0,NULL,0,NULL,0,1
184,"DARK, LAGER, SPECIAL",3,NULL,0,pilsner,1,NULL,0,NULL,0,NULL,0,NULL,0,NULL,0,3
185,"ALE, DARK, LAGER, SPECIAL",4,NULL,0,pilsner,1,NULL,0,NULL,0,NULL,0,NULL,0,porter,1,4
186,"ALE, DARK, LAGER",3,NULL,0,NULL,0,NULL,0,NULL,0,NULL,0,NULL,0,porter,1,3
187,"ALE, DARK, LAGER, SPECIAL",4,"american pale ale, ipa",2,NULL,0,NULL,0,NULL,0,NULL,0,NULL,0,NULL,0,5
188,"ALE, DARK, LAGER, SPECIAL, WHEAT",5,"american pale ale, ipa",2,NULL,0,hefeweizen,1,NULL,0,NULL,0,NULL,0,stout,1,6
189,"ALE, DARK, LAGER, SPECIAL, WHEAT",5,"amber, american pale ale, belgian, ipa",4,NULL,0,NULL,0,NULL,0,NULL,0,NULL,0,"bock, stout",2,9
190,"ALE, DARK, LAGER, NON-ALCO, SPECIAL, WHEAT",6,"english pale ale, ipa",2,pilsner,1,hefeweizen,1,NULL,0,NULL,0,NULL,0,"porter, stout",2,8
191,"ALE, DARK, LAGER, SPECIAL",4,NULL,0,NULL,0,NULL,0,NULL,0,NULL,0,NULL,0,porter,1,4
192,"ALE, LAGER, SPECIAL, WHEAT",4,"american pale ale, ipa",2,pilsner,1,hefeweizen,1,NULL,0,NULL,0,NULL,0,bock,1,6
193,"ALE, DARK",2,NULL,0,NULL,0,NULL,0,NULL,0,NULL,0,NULL,0,stout,1,2
194,"ALE, DARK, LAGER, SPECIAL",4,"amber, american pale ale",2,NULL,0,NULL,0,NULL,0,NULL,0,NULL,0,stout,1,5
195,"DARK, LAGER, SPECIAL",3,NULL,0,NULL,0,NULL,0,NULL,0,NULL,0,NULL,0,NULL,0,3
197,"ALE, DARK",2,NULL,0,NULL,0,NULL,0,NULL,0,NULL,0,NULL,0,stout,1,2
198,"DARK, LAGER, SPECIAL",3,NULL,0,pilsner,1,NULL,0,NULL,0,NULL,0,NULL,0,NULL,0,3
199,"DARK, LAGER, SPECIAL",3,NULL,0,NULL,0,NULL,0,NULL,0,NULL,0,NULL,0,NULL,0,3
200,"DARK, LAGER, SPECIAL",3,NULL,0,pilsner,1,NULL,0,NULL,0,NULL,0,NULL,0,NULL,0,3
201,"ALE, DARK, LAGER, WHEAT",4,"amber, american pale ale, ipa",3,NULL,0,hefeweizen,1,NULL,0,NULL,0,NULL,0,"bock, stout",2,7
202,"ALE, LAGER",2,ipa,1,NULL,0,NULL,0,NULL,0,NULL,0,NULL,0,NULL,0,2
203,"ALE, LAGER",2,"amber, american pale ale, ipa",3,NULL,0,NULL,0,NULL,0,NULL,0,NULL,0,NULL,0,4
204,"LAGER, SPECIAL",2,NULL,0,NULL,0,NULL,0,NULL,0,NULL,0,NULL,0,NULL,0,2
205,"ALE, LAGER",2,american pale ale,1,NULL,0,NULL,0,NULL,0,NULL,0,NULL,0,NULL,0,2
206,"ALE, DARK, LAGER, NON-ALCO, SPECIAL",5,"american pale ale, ipa",2,pilsner,1,NULL,0,NULL,0,NULL,0,NULL,0,porter,1,6
207,ALE,1,american pale ale,1,NULL,0,NULL,0,NULL,0,NULL,0,NULL,0,NULL,0,1
208,"ALE, DARK, LAGER, WHEAT",4,NULL,0,NULL,0,hefeweizen,1,NULL,0,NULL,0,NULL,0,stout,1,4
210,ALE,1,NULL,0,NULL,0,NULL,0,NULL,0,NULL,0,NULL,0,NULL,0,1
211,"ALE, LAGER",2,ipa,1,NULL,0,NULL,0,NULL,0,NULL,0,NULL,0,NULL,0,2
212,LAGER,1,NULL,0,NULL,0,NULL,0,NULL,0,NULL,0,NULL,0,NULL,0,1
214,"LAGER, SPECIAL",2,NULL,0,pilsner,1,NULL,0,NULL,0,NULL,0,NULL,0,NULL,0,2
215,LAGER,1,NULL,0,NULL,0,NULL,0,NULL,0,NULL,0,NULL,0,NULL,0,1
216,"DARK, LAGER",2,NULL,0,NULL,0,NULL,0,NULL,0,NULL,0,NULL,0,NULL,0,2
217,ALE,1,ipa,1,NULL,0,NULL,0,NULL,0,NULL,0,NULL,0,NULL,0,1
218,"ALE, LAGER",2,american pale ale,1,NULL,0,NULL,0,NULL,0,NULL,0,NULL,0,NULL,0,2
219,LAGER,1,NULL,0,NULL,0,NULL,0,NULL,0,NULL,0,NULL,0,NULL,0,1
220,"DARK, LAGER, NON-ALCO, SPECIAL",4,NULL,0,pilsner,1,NULL,0,NULL,0,NULL,0,NULL,0,NULL,0,4
221,"ALE, LAGER",2,ipa,1,NULL,0,NULL,0,NULL,0,NULL,0,NULL,0,NULL,0,2
222,"ALE, DARK, LAGER, NON-ALCO, SPECIAL, WHEAT",6,NULL,0,pilsner,1,hefeweizen,1,NULL,0,NULL,0,NULL,0,NULL,0,6
223,LAGER,1,NULL,0,NULL,0,NULL,0,NULL,0,NULL,0,NULL,0,NULL,0,1
224,ALE,1,ipa,1,NULL,0,NULL,0,NULL,0,NULL,0,NULL,0,NULL,0,1
225,"ALE, DARK, LAGER, SOUR, SPECIAL, WHEAT",6,"american pale ale, english pale ale, ipa",3,NULL,0,hefeweizen,1,NULL,0,"berliner weisse, gose",2,NULL,0,stout,1,9
226,"ALE, DARK, LAGER, SOUR, SPECIAL, WHEAT",6,"altbier, american pale ale, belgian, ipa",4,marzen,1,"hefeweizen, oatmeal",2,NULL,0,NULL,0,NULL,0,"dunkel, stout",2,11
229,"ALE, DARK, LAGER, SPECIAL, WHEAT",5,"english pale ale, ipa",2,NULL,0,"hefeweizen, oatmeal",2,NULL,0,NULL,0,NULL,0,NULL,0,7
231,"DARK, LAGER",2,NULL,0,pilsner,1,NULL,0,NULL,0,NULL,0,NULL,0,NULL,0,2
232,"ALE, LAGER",2,ipa,1,NULL,0,NULL,0,NULL,0,NULL,0,NULL,0,NULL,0,2
233,"ALE, SOUR",2,NULL,0,NULL,0,NULL,0,NULL,0,gose,1,NULL,0,NULL,0,2
234,"ALE, DARK, LAGER, SPECIAL",4,"amber, american pale ale, english pale ale, ipa",4,NULL,0,NULL,0,NULL,0,NULL,0,NULL,0,stout,1,7
235,"ALE, DARK, LAGER, SPECIAL",4,american pale ale,1,NULL,0,NULL,0,NULL,0,NULL,0,NULL,0,NULL,0,4
236,"ALE, LAGER",2,ipa,1,NULL,0,NULL,0,NULL,0,NULL,0,NULL,0,NULL,0,2
238,ALE,1,"american pale ale, ipa",2,NULL,0,NULL,0,NULL,0,NULL,0,NULL,0,NULL,0,2
239,"DARK, LAGER, SPECIAL",3,NULL,0,NULL,0,NULL,0,NULL,0,NULL,0,NULL,0,NULL,0,3
240,"ALE, DARK, LAGER, NON-ALCO, SOUR",5,ipa,1,NULL,0,NULL,0,NULL,0,NULL,0,NULL,0,porter,1,5
241,"ALE, LAGER, SPECIAL",3,belgian,1,NULL,0,NULL,0,NULL,0,NULL,0,NULL,0,NULL,0,3
243,"ALE, DARK, LAGER, WHEAT",4,"amber, american pale ale, belgian, ipa, saison",5,NULL,0,"hefeweizen, oatmeal",2,NULL,0,NULL,0,NULL,0,NULL,0,9
244,"LAGER, SPECIAL",2,NULL,0,NULL,0,NULL,0,NULL,0,NULL,0,NULL,0,NULL,0,2
246,"ALE, DARK, LAGER, NON-ALCO, SPECIAL, WHEAT",6,"american pale ale, ipa",2,NULL,0,hefeweizen,1,NULL,0,NULL,0,NULL,0,porter,1,7
248,"ALE, SOUR, WHEAT",3,"american pale ale, belgian, ipa, saison",4,NULL,0,oatmeal,1,NULL,0,gose,1,NULL,0,NULL,0,6
251,"ALE, LAGER, SPECIAL",3,american pale ale,1,NULL,0,NULL,0,NULL,0,NULL,0,NULL,0,NULL,0,3
252,"LAGER, SPECIAL",2,NULL,0,pilsner,1,NULL,0,NULL,0,NULL,0,NULL,0,NULL,0,2
253,"LAGER, SPECIAL",2,NULL,0,pilsner,1,NULL,0,NULL,0,NULL,0,NULL,0,NULL,0,2
254,"LAGER, SPECIAL",2,NULL,0,NULL,0,NULL,0,NULL,0,NULL,0,NULL,0,NULL,0,2
255,LAGER,1,NULL,0,NULL,0,NULL,0,NULL,0,NULL,0,NULL,0,NULL,0,1
256,"ALE, LAGER",2,american pale ale,1,NULL,0,NULL,0,NULL,0,NULL,0,NULL,0,NULL,0,2
258,"ALE, LAGER, SOUR",3,"american pale ale, belgian, ipa",3,NULL,0,NULL,0,NULL,0,NULL,0,NULL,0,NULL,0,5
259,"ALE, LAGER, SPECIAL",3,"american pale ale, ipa",2,NULL,0,NULL,0,NULL,0,NULL,0,NULL,0,NULL,0,4
260,"ALE, DARK, LAGER, SPECIAL",4,ipa,1,NULL,0,NULL,0,NULL,0,NULL,0,NULL,0,stout,1,4
262,"LAGER, SPECIAL",2,NULL,0,pilsner,1,NULL,0,NULL,0,NULL,0,NULL,0,NULL,0,2
267,"ALE, DARK, LAGER, SPECIAL, WHEAT",5,"american pale ale, ipa",2,NULL,0,hefeweizen,1,NULL,0,NULL,0,NULL,0,porter,1,6
268,"DARK, LAGER",2,NULL,0,NULL,0,NULL,0,NULL,0,NULL,0,NULL,0,NULL,0,2
269,LAGER,1,NULL,0,NULL,0,NULL,0,NULL,0,NULL,0,NULL,0,NULL,0,1
271,"LAGER, SPECIAL",2,NULL,0,NULL,0,NULL,0,NULL,0,NULL,0,NULL,0,NULL,0,2
272,LAGER,1,NULL,0,NULL,0,NULL,0,NULL,0,NULL,0,NULL,0,NULL,0,1
273,"ALE, LAGER, NON-ALCO, SPECIAL",4,ipa,1,pilsner,1,NULL,0,NULL,0,NULL,0,NULL,0,NULL,0,4
274,"ALE, LAGER, SPECIAL",3,"american pale ale, ipa",2,NULL,0,NULL,0,NULL,0,NULL,0,NULL,0,NULL,0,4
275,"ALE, LAGER, SPECIAL",3,"amber, ipa",2,NULL,0,NULL,0,NULL,0,NULL,0,NULL,0,NULL,0,4
277,"ALE, LAGER, SPECIAL",3,amber,1,NULL,0,NULL,0,NULL,0,NULL,0,NULL,0,NULL,0,3
282,"DARK, LAGER, SPECIAL",3,NULL,0,marzen,1,NULL,0,NULL,0,NULL,0,NULL,0,bock,1,3
283,LAGER,1,NULL,0,NULL,0,NULL,0,NULL,0,NULL,0,NULL,0,NULL,0,1
284,"ALE, DARK, LAGER, WHEAT",4,american pale ale,1,pilsner,1,hefeweizen,1,NULL,0,NULL,0,NULL,0,NULL,0,4
285,LAGER,1,NULL,0,NULL,0,NULL,0,NULL,0,NULL,0,NULL,0,NULL,0,1
286,"ALE, DARK, LAGER",3,"american pale ale, ipa",2,NULL,0,NULL,0,NULL,0,NULL,0,NULL,0,NULL,0,4
289,"ALE, DARK, LAGER, SOUR, SPECIAL, WHEAT",6,"american pale ale, ipa",2,NULL,0,NULL,0,NULL,0,berliner weisse,1,"barleywine, bragawd, pumpkin",3,stout,1,9
290,ALE,1,"american pale ale, ipa",2,NULL,0,NULL,0,NULL,0,NULL,0,NULL,0,NULL,0,2
291,"ALE, DARK, LAGER, WHEAT",4,"amber, american pale ale, ipa",3,NULL,0,hefeweizen,1,NULL,0,NULL,0,NULL,0,bock,1,6
292,"ALE, DARK, LAGER, WHEAT",4,ipa,1,NULL,0,hefeweizen,1,NULL,0,NULL,0,NULL,0,NULL,0,4
295,ALE,1,NULL,0,NULL,0,NULL,0,NULL,0,NULL,0,NULL,0,NULL,0,1
296,"ALE, LAGER, SOUR, SPECIAL",4,"american pale ale, ipa, saison",3,NULL,0,NULL,0,NULL,0,NULL,0,NULL,0,NULL,0,6
297,"ALE, DARK, LAGER, NON-ALCO, SPECIAL",5,NULL,0,pilsner,1,NULL,0,NULL,0,NULL,0,NULL,0,porter,1,5
298,LAGER,1,NULL,0,pilsner,1,NULL,0,NULL,0,NULL,0,NULL,0,NULL,0,1
299,"ALE, DARK, LAGER, SPECIAL, WHEAT",5,"amber, american pale ale, belgian, english pale ale, ipa",5,schwarzbier,1,hefeweizen,1,NULL,0,NULL,0,NULL,0,"dunkel, porter, stout",3,11
301,"ALE, DARK, LAGER, SPECIAL",4,american pale ale,1,NULL,0,NULL,0,NULL,0,NULL,0,NULL,0,NULL,0,4
302,"ALE, LAGER",2,ipa,1,NULL,0,NULL,0,NULL,0,NULL,0,NULL,0,NULL,0,2
307,"DARK, LAGER, SPECIAL, WHEAT",4,NULL,0,NULL,0,NULL,0,NULL,0,NULL,0,NULL,0,NULL,0,4
308,LAGER,1,NULL,0,NULL,0,NULL,0,NULL,0,NULL,0,NULL,0,NULL,0,1
309,"ALE, DARK, LAGER, SPECIAL, WHEAT",5,NULL,0,pilsner,1,hefeweizen,1,NULL,0,NULL,0,NULL,0,NULL,0,5
310,"ALE, DARK, LAGER, NON-ALCO, SPECIAL, WHEAT",6,amber,1,pilsner,1,hefeweizen,1,NULL,0,NULL,0,NULL,0,NULL,0,6
312,"ALE, LAGER, WHEAT",3,NULL,0,NULL,0,hefeweizen,1,NULL,0,NULL,0,NULL,0,NULL,0,3
313,"ALE, DARK, LAGER, SPECIAL",4,american pale ale,1,NULL,0,NULL,0,NULL,0,NULL,0,NULL,0,porter,1,4
314,"LAGER, WHEAT",2,NULL,0,NULL,0,NULL,0,NULL,0,NULL,0,NULL,0,NULL,0,2
316,LAGER,1,NULL,0,NULL,0,NULL,0,NULL,0,NULL,0,NULL,0,NULL,0,1
317,LAGER,1,NULL,0,NULL,0,NULL,0,NULL,0,NULL,0,NULL,0,NULL,0,1
319,"ALE, DARK, LAGER, SPECIAL, WHEAT",5,"amber, belgian",2,NULL,0,hefeweizen,1,NULL,0,NULL,0,NULL,0,dunkel,1,6
321,"LAGER, SPECIAL",2,NULL,0,NULL,0,NULL,0,NULL,0,NULL,0,NULL,0,NULL,0,2
323,ALE,1,american pale ale,1,NULL,0,NULL,0,NULL,0,NULL,0,NULL,0,NULL,0,1
324,"LAGER, SPECIAL",2,NULL,0,NULL,0,NULL,0,NULL,0,NULL,0,NULL,0,NULL,0,2
325,ALE,1,"american pale ale, ipa",2,NULL,0,NULL,0,NULL,0,NULL,0,NULL,0,NULL,0,2
326,"DARK, LAGER, SPECIAL, WHEAT",4,NULL,0,pilsner,1,NULL,0,NULL,0,NULL,0,NULL,0,NULL,0,4
327,LAGER,1,NULL,0,NULL,0,NULL,0,NULL,0,NULL,0,NULL,0,NULL,0,1
329,"ALE, DARK, LAGER, SPECIAL",4,"amber, ipa",2,NULL,0,NULL,0,NULL,0,NULL,0,NULL,0,NULL,0,5
331,LAGER,1,NULL,0,NULL,0,NULL,0,NULL,0,NULL,0,NULL,0,NULL,0,1
333,"DARK, LAGER, SPECIAL, WHEAT",4,NULL,0,NULL,0,NULL,0,NULL,0,NULL,0,NULL,0,NULL,0,4
334,"LAGER, SPECIAL",2,NULL,0,NULL,0,NULL,0,NULL,0,NULL,0,NULL,0,NULL,0,2
335,"ALE, LAGER",2,ipa,1,NULL,0,NULL,0,NULL,0,NULL,0,NULL,0,NULL,0,2
336,ALE,1,"amber, american pale ale",2,NULL,0,NULL,0,NULL,0,NULL,0,NULL,0,NULL,0,2
338,"ALE, LAGER",2,ipa,1,NULL,0,NULL,0,NULL,0,NULL,0,NULL,0,NULL,0,2
339,"LAGER, NON-ALCO, SPECIAL",3,NULL,0,pilsner,1,NULL,0,NULL,0,NULL,0,NULL,0,NULL,0,3
340,ALE,1,NULL,0,NULL,0,NULL,0,NULL,0,NULL,0,NULL,0,NULL,0,1
342,"ALE, DARK, LAGER",3,NULL,0,NULL,0,NULL,0,NULL,0,NULL,0,NULL,0,porter,1,3
343,LAGER,1,NULL,0,NULL,0,NULL,0,NULL,0,NULL,0,NULL,0,NULL,0,1
345,"ALE, DARK, LAGER, SPECIAL, WHEAT",5,"amber, american pale ale, ipa",3,NULL,0,hefeweizen,1,NULL,0,NULL,0,NULL,0,stout,1,7
346,ALE,1,amber,1,NULL,0,NULL,0,NULL,0,NULL,0,NULL,0,NULL,0,1
348,LAGER,1,NULL,0,NULL,0,NULL,0,NULL,0,NULL,0,NULL,0,NULL,0,1
349,"ALE, DARK, LAGER, SPECIAL",4,"american pale ale, ipa",2,NULL,0,NULL,0,NULL,0,NULL,0,NULL,0,NULL,0,5
350,"ALE, DARK, LAGER, SPECIAL, WHEAT",5,altbier,1,NULL,0,hefeweizen,1,NULL,0,NULL,0,NULL,0,stout,1,5
352,"DARK, LAGER",2,NULL,0,NULL,0,NULL,0,NULL,0,NULL,0,NULL,0,NULL,0,2
353,"ALE, LAGER, WHEAT",3,NULL,0,NULL,0,hefeweizen,1,NULL,0,NULL,0,NULL,0,NULL,0,3
356,"ALE, DARK, LAGER, SPECIAL, WHEAT",5,NULL,0,pilsner,1,hefeweizen,1,NULL,0,NULL,0,NULL,0,"dunkel, stout",2,6
358,"ALE, DARK, LAGER, SPECIAL",4,"amber, american pale ale, belgian, ipa",4,festbier,1,NULL,0,NULL,0,NULL,0,NULL,0,stout,1,7
360,"ALE, DARK, LAGER, NON-ALCO, SPECIAL",5,NULL,0,pilsner,1,NULL,0,NULL,0,NULL,0,NULL,0,porter,1,5
361,ALE,1,"amber, ipa",2,NULL,0,NULL,0,NULL,0,NULL,0,NULL,0,NULL,0,2
362,"DARK, LAGER, SPECIAL",3,NULL,0,pilsner,1,NULL,0,NULL,0,NULL,0,NULL,0,NULL,0,3
363,"LAGER, SPECIAL",2,NULL,0,pilsner,1,NULL,0,NULL,0,NULL,0,NULL,0,NULL,0,2
364,"ALE, DARK, LAGER, SPECIAL",4,"amber, american pale ale",2,pilsner,1,NULL,0,NULL,0,NULL,0,NULL,0,stout,1,5
367,"ALE, LAGER",2,american pale ale,1,NULL,0,NULL,0,NULL,0,NULL,0,NULL,0,NULL,0,2
368,LAGER,1,NULL,0,NULL,0,NULL,0,NULL,0,NULL,0,NULL,0,NULL,0,1
371,"ALE, DARK, LAGER, SPECIAL, WHEAT",5,altbier,1,NULL,0,hefeweizen,1,NULL,0,NULL,0,NULL,0,stout,1,5
372,"LAGER, SPECIAL",2,NULL,0,NULL,0,NULL,0,NULL,0,NULL,0,NULL,0,NULL,0,2
373,"ALE, LAGER, SPECIAL, WHEAT",4,"american pale ale, belgian, ipa",3,NULL,0,hefeweizen,1,NULL,0,NULL,0,NULL,0,NULL,0,6
374,"ALE, DARK, LAGER, SPECIAL, WHEAT",5,"amber, american pale ale, belgian, ipa",4,NULL,0,hefeweizen,1,NULL,0,NULL,0,NULL,0,"bock, porter, stout",3,10
375,"DARK, LAGER, SPECIAL",3,NULL,0,NULL,0,NULL,0,NULL,0,NULL,0,NULL,0,NULL,0,3
376,LAGER,1,NULL,0,NULL,0,NULL,0,NULL,0,NULL,0,NULL,0,NULL,0,1
377,"ALE, DARK, LAGER, WHEAT",4,"american pale ale, belgian, english pale ale, ipa",4,"kellerbier, pilsner",2,oatmeal,1,NULL,0,NULL,0,NULL,0,stout,1,8
379,"ALE, DARK, LAGER, NON-ALCO, SOUR, SPECIAL, WHEAT",7,"amber, american pale ale, english pale ale, ipa, saison",5,NULL,0,NULL,0,NULL,0,berliner weisse,1,NULL,0,stout,1,11
380,"DARK, LAGER",2,NULL,0,pilsner,1,NULL,0,NULL,0,NULL,0,NULL,0,NULL,0,2
381,"DARK, LAGER, NON-ALCO, SPECIAL",4,NULL,0,pilsner,1,NULL,0,NULL,0,NULL,0,NULL,0,NULL,0,4
382,"ALE, DARK, LAGER, SPECIAL",4,"amber, american pale ale, belgian, ipa",4,NULL,0,NULL,0,NULL,0,NULL,0,barleywine,1,porter,1,7
383,"ALE, LAGER, WHEAT",3,NULL,0,NULL,0,hefeweizen,1,NULL,0,NULL,0,NULL,0,NULL,0,3
384,"ALE, DARK, LAGER, SPECIAL, WHEAT",5,"amber, american pale ale",2,NULL,0,hefeweizen,1,NULL,0,NULL,0,NULL,0,bock,1,6
385,"ALE, LAGER, WHEAT",3,NULL,0,NULL,0,hefeweizen,1,NULL,0,NULL,0,NULL,0,NULL,0,3
386,LAGER,1,NULL,0,NULL,0,NULL,0,NULL,0,NULL,0,NULL,0,NULL,0,1
387,"ALE, LAGER, SPECIAL, WHEAT",4,NULL,0,NULL,0,hefeweizen,1,NULL,0,NULL,0,NULL,0,NULL,0,4
388,"DARK, LAGER, SPECIAL",3,NULL,0,pilsner,1,NULL,0,NULL,0,NULL,0,NULL,0,NULL,0,3
389,LAGER,1,NULL,0,NULL,0,NULL,0,NULL,0,NULL,0,NULL,0,NULL,0,1
390,ALE,1,ipa,1,NULL,0,NULL,0,NULL,0,NULL,0,NULL,0,NULL,0,1
391,"ALE, DARK, LAGER, SPECIAL",4,NULL,0,NULL,0,NULL,0,NULL,0,NULL,0,NULL,0,stout,1,4
392,"DARK, LAGER, SPECIAL",3,NULL,0,NULL,0,NULL,0,NULL,0,NULL,0,NULL,0,NULL,0,3
393,"ALE, LAGER",2,ipa,1,NULL,0,NULL,0,NULL,0,NULL,0,NULL,0,NULL,0,2
395,"ALE, DARK, LAGER, SPECIAL, WHEAT",5,ipa,1,pilsner,1,hefeweizen,1,NULL,0,NULL,0,NULL,0,NULL,0,5
396,"LAGER, NON-ALCO",2,NULL,0,NULL,0,NULL,0,NULL,0,NULL,0,NULL,0,NULL,0,2
397,"LAGER, SPECIAL",2,NULL,0,pilsner,1,NULL,0,NULL,0,NULL,0,NULL,0,NULL,0,2
398,LAGER,1,NULL,0,NULL,0,NULL,0,NULL,0,NULL,0,NULL,0,NULL,0,1
399,"ALE, LAGER, SPECIAL",3,"american pale ale, ipa",2,NULL,0,NULL,0,NULL,0,NULL,0,NULL,0,NULL,0,4
401,"ALE, DARK, LAGER, SPECIAL, WHEAT",5,ipa,1,NULL,0,hefeweizen,1,NULL,0,NULL,0,NULL,0,"bock, stout",2,6
402,"ALE, LAGER, WHEAT",3,belgian,1,NULL,0,NULL,0,NULL,0,NULL,0,NULL,0,NULL,0,3
403,"ALE, DARK, LAGER, NON-ALCO, SPECIAL, WHEAT",6,"altbier, belgian, ipa, saison",4,pilsner,1,hefeweizen,1,NULL,0,NULL,0,NULL,0,stout,1,9
404,"ALE, LAGER, WHEAT",3,american pale ale,1,NULL,0,hefeweizen,1,NULL,0,NULL,0,NULL,0,NULL,0,3
405,"ALE, LAGER, WHEAT",3,"american pale ale, ipa",2,NULL,0,hefeweizen,1,NULL,0,NULL,0,NULL,0,NULL,0,4
406,"ALE, DARK, LAGER, NON-ALCO, SOUR, SPECIAL, WHEAT",7,"amber, american pale ale, belgian, ipa, saison",5,pilsner,1,hefeweizen,1,NULL,0,NULL,0,NULL,0,"bock, dunkel, porter, stout",4,14
407,LAGER,1,NULL,0,NULL,0,NULL,0,NULL,0,NULL,0,NULL,0,NULL,0,1
408,"ALE, DARK, LAGER, SPECIAL, WHEAT",5,"amber, american pale ale, belgian, ipa",4,pilsner,1,NULL,0,NULL,0,NULL,0,NULL,0,stout,1,8
409,"ALE, DARK, LAGER, NON-ALCO, SOUR, SPECIAL, WHEAT",7,"amber, american pale ale, belgian, english pale ale, ipa, kolsch, saison",7,"kellerbier, pilsner",2,oatmeal,1,NULL,0,"berliner weisse, gose",2,barleywine,1,"bock, porter, stout",3,17
410,ALE,1,amber,1,NULL,0,NULL,0,NULL,0,NULL,0,NULL,0,NULL,0,1
411,"LAGER, SPECIAL",2,NULL,0,NULL,0,NULL,0,NULL,0,NULL,0,NULL,0,NULL,0,2
412,"ALE, DARK, LAGER, SPECIAL, WHEAT",5,ipa,1,NULL,0,hefeweizen,1,NULL,0,NULL,0,NULL,0,bock,1,5
413,LAGER,1,NULL,0,pilsner,1,NULL,0,NULL,0,NULL,0,NULL,0,NULL,0,1
414,LAGER,1,NULL,0,NULL,0,NULL,0,NULL,0,NULL,0,NULL,0,NULL,0,1
415,ALE,1,ipa,1,NULL,0,NULL,0,NULL,0,NULL,0,NULL,0,NULL,0,1
416,"ALE, SOUR",2,ipa,1,NULL,0,NULL,0,NULL,0,gose,1,NULL,0,NULL,0,2
417,"ALE, DARK, LAGER, SPECIAL, WHEAT",5,"amber, american pale ale, ipa",3,marzen,1,NULL,0,NULL,0,NULL,0,pumpkin,1,stout,1,7
418,"ALE, LAGER, SPECIAL",3,amber,1,NULL,0,NULL,0,NULL,0,NULL,0,NULL,0,NULL,0,3
419,"ALE, DARK, LAGER, SPECIAL, WHEAT",5,ipa,1,NULL,0,hefeweizen,1,NULL,0,NULL,0,NULL,0,NULL,0,5
420,"DARK, LAGER, SPECIAL",3,NULL,0,NULL,0,NULL,0,NULL,0,NULL,0,NULL,0,NULL,0,3
421,"ALE, LAGER, SPECIAL, WHEAT",4,ipa,1,pilsner,1,hefeweizen,1,NULL,0,NULL,0,NULL,0,bock,1,5
422,"LAGER, SPECIAL",2,NULL,0,NULL,0,NULL,0,NULL,0,NULL,0,NULL,0,NULL,0,2
423,"ALE, DARK, LAGER, NON-ALCO, SPECIAL, WHEAT",6,"belgian, ipa",2,NULL,0,hefeweizen,1,NULL,0,NULL,0,NULL,0,bock,1,7
424,"ALE, LAGER, WHEAT",3,ipa,1,NULL,0,hefeweizen,1,NULL,0,NULL,0,NULL,0,NULL,0,3
426,"ALE, DARK, LAGER, SOUR, SPECIAL, WHEAT",6,"amber, american pale ale, belgian, ipa, kolsch, saison",6,steam beer,1,oatmeal,1,NULL,0,NULL,0,NULL,0,"porter, stout",2,12
427,"ALE, DARK, LAGER, SPECIAL, WHEAT",5,"amber, american pale ale, ipa",3,NULL,0,hefeweizen,1,NULL,0,NULL,0,NULL,0,stout,1,7
428,"ALE, DARK, LAGER, SPECIAL",4,"amber, american pale ale, ipa",3,NULL,0,NULL,0,NULL,0,NULL,0,NULL,0,stout,1,6
429,ALE,1,american pale ale,1,NULL,0,NULL,0,NULL,0,NULL,0,NULL,0,NULL,0,1
430,"ALE, SOUR",2,NULL,0,NULL,0,NULL,0,NULL,0,NULL,0,NULL,0,NULL,0,2
431,"ALE, DARK, LAGER, SOUR, SPECIAL, WHEAT",6,"amber, american pale ale, belgian, ipa, saison",5,NULL,0,NULL,0,NULL,0,berliner weisse,1,NULL,0,"porter, stout",2,11
432,LAGER,1,NULL,0,NULL,0,NULL,0,NULL,0,NULL,0,NULL,0,NULL,0,1
433,ALE,1,ipa,1,NULL,0,NULL,0,NULL,0,NULL,0,NULL,0,NULL,0,1
435,"ALE, DARK, LAGER, SPECIAL",4,"american pale ale, ipa",2,NULL,0,NULL,0,NULL,0,NULL,0,NULL,0,"porter, stout",2,6
436,"ALE, DARK, LAGER, NON-ALCO, SOUR, SPECIAL, WHEAT",7,"american pale ale, belgian, ipa",3,pilsner,1,hefeweizen,1,NULL,0,NULL,0,NULL,0,"bock, dunkel, porter, stout",4,12
437,"ALE, DARK, LAGER",3,"american pale ale, ipa",2,NULL,0,NULL,0,NULL,0,NULL,0,NULL,0,stout,1,4
438,"ALE, DARK, LAGER, SOUR, SPECIAL, WHEAT",6,"american pale ale, belgian, english pale ale, ipa, saison",5,"marzen, pilsner",2,"hefeweizen, oatmeal",2,NULL,0,"berliner weisse, gose",2,barleywine,1,"bock, stout",2,14
439,ALE,1,"american pale ale, ipa",2,NULL,0,NULL,0,NULL,0,NULL,0,NULL,0,NULL,0,2
440,"ALE, DARK, LAGER, SOUR, SPECIAL, WHEAT",6,"amber, american pale ale, belgian, english pale ale, ipa, saison",6,NULL,0,NULL,0,NULL,0,gose,1,pumpkin,1,"bock, porter, stout",3,13
441,ALE,1,amber,1,NULL,0,NULL,0,NULL,0,NULL,0,NULL,0,NULL,0,1
442,"ALE, LAGER, SOUR",3,"belgian, saison",2,NULL,0,NULL,0,NULL,0,NULL,0,NULL,0,NULL,0,4
443,"ALE, DARK, LAGER",3,american pale ale,1,NULL,0,NULL,0,NULL,0,NULL,0,NULL,0,dunkel,1,3
445,"ALE, LAGER, SOUR, SPECIAL",4,"american pale ale, ipa",2,festbier,1,NULL,0,NULL,0,NULL,0,NULL,0,NULL,0,5
446,"ALE, DARK",2,NULL,0,NULL,0,NULL,0,NULL,0,NULL,0,NULL,0,porter,1,2
447,"DARK, LAGER, SPECIAL",3,NULL,0,NULL,0,NULL,0,NULL,0,NULL,0,NULL,0,NULL,0,3
448,"ALE, LAGER, SOUR, WHEAT",4,"amber, american pale ale, ipa",3,NULL,0,NULL,0,NULL,0,berliner weisse,1,NULL,0,NULL,0,6
449,"ALE, LAGER",2,NULL,0,NULL,0,NULL,0,NULL,0,NULL,0,NULL,0,NULL,0,2
450,"ALE, LAGER, SPECIAL",3,ipa,1,NULL,0,NULL,0,NULL,0,NULL,0,NULL,0,NULL,0,3
452,"ALE, DARK",2,"american pale ale, ipa",2,NULL,0,NULL,0,NULL,0,NULL,0,NULL,0,stout,1,3
453,ALE,1,american pale ale,1,NULL,0,NULL,0,NULL,0,NULL,0,NULL,0,NULL,0,1
454,"ALE, LAGER, SPECIAL",3,"american pale ale, ipa",2,NULL,0,NULL,0,NULL,0,NULL,0,NULL,0,NULL,0,4
455,"ALE, DARK, LAGER, SPECIAL, WHEAT",5,"amber, american pale ale, belgian, ipa",4,NULL,0,hefeweizen,1,NULL,0,NULL,0,NULL,0,"bock, dunkel, stout",3,10
456,"ALE, DARK, LAGER, NON-ALCO, SOUR, WHEAT",6,"amber, american pale ale, belgian, ipa",4,NULL,0,hefeweizen,1,NULL,0,berliner weisse,1,NULL,0,NULL,0,9
457,"ALE, DARK, LAGER, SOUR, SPECIAL, WHEAT",6,"american pale ale, ipa, saison",3,"helles, marzen",2,oatmeal,1,NULL,0,"berliner weisse, gose",2,barleywine,1,stout,1,10
458,"ALE, DARK, LAGER",3,ipa,1,NULL,0,NULL,0,NULL,0,NULL,0,NULL,0,porter,1,3
459,"ALE, DARK, LAGER, SPECIAL, WHEAT",5,"american pale ale, belgian, english pale ale, ipa",4,"dortmunder, marzen, pilsner",3,hefeweizen,1,NULL,0,NULL,0,NULL,0,bock,1,10
460,ALE,1,american pale ale,1,NULL,0,NULL,0,NULL,0,NULL,0,NULL,0,NULL,0,1
461,"ALE, DARK, LAGER, SPECIAL, WHEAT",5,"amber, american pale ale, ipa",3,NULL,0,hefeweizen,1,NULL,0,NULL,0,NULL,0,NULL,0,7
462,"ALE, DARK, LAGER, SPECIAL, WHEAT",5,"amber, american pale ale, ipa",3,"marzen, pilsner",2,"grodziskie, hefeweizen",2,NULL,0,NULL,0,barleywine,1,"bock, dunkel, porter, stout",4,12
463,"ALE, DARK, WHEAT",3,"american pale ale, belgian, ipa, saison",4,NULL,0,NULL,0,NULL,0,NULL,0,NULL,0,"dunkel, porter",2,7
464,LAGER,1,NULL,0,NULL,0,NULL,0,NULL,0,NULL,0,NULL,0,NULL,0,1
465,"ALE, DARK, LAGER, SPECIAL, WHEAT",5,"amber, american pale ale, english pale ale, ipa",4,marzen,1,hefeweizen,1,NULL,0,NULL,0,"bragawd, pumpkin",2,stout,1,9
466,"ALE, DARK",2,NULL,0,NULL,0,NULL,0,NULL,0,NULL,0,NULL,0,stout,1,2
468,"ALE, DARK, LAGER, SPECIAL, WHEAT",5,"american pale ale, belgian, ipa, saison",4,NULL,0,NULL,0,NULL,0,NULL,0,barleywine,1,"bock, porter",2,9
469,ALE,1,american pale ale,1,NULL,0,NULL,0,NULL,0,NULL,0,NULL,0,NULL,0,1
470,"ALE, DARK, LAGER, SPECIAL, WHEAT",5,"amber, american pale ale, ipa",3,NULL,0,hefeweizen,1,NULL,0,NULL,0,NULL,0,dunkel,1,7
471,"ALE, DARK, LAGER, SPECIAL",4,american pale ale,1,NULL,0,NULL,0,NULL,0,NULL,0,NULL,0,stout,1,4
472,"ALE, DARK, LAGER, SPECIAL, WHEAT",5,"belgian, ipa",2,NULL,0,hefeweizen,1,NULL,0,NULL,0,NULL,0,NULL,0,6
473,LAGER,1,NULL,0,NULL,0,NULL,0,NULL,0,NULL,0,NULL,0,NULL,0,1
474,"ALE, DARK, LAGER, SPECIAL, WHEAT",5,"american pale ale, ipa",2,NULL,0,oatmeal,1,NULL,0,NULL,0,NULL,0,stout,1,6
475,"DARK, LAGER, SPECIAL",3,NULL,0,pilsner,1,NULL,0,NULL,0,NULL,0,NULL,0,NULL,0,3
476,"ALE, DARK, LAGER, SOUR",4,NULL,0,pilsner,1,NULL,0,NULL,0,NULL,0,NULL,0,bock,1,4
478,"ALE, LAGER, SPECIAL, WHEAT",4,NULL,0,NULL,0,NULL,0,NULL,0,NULL,0,NULL,0,NULL,0,4
479,"ALE, LAGER, WHEAT",3,NULL,0,NULL,0,hefeweizen,1,NULL,0,NULL,0,NULL,0,NULL,0,3
480,LAGER,1,NULL,0,NULL,0,NULL,0,NULL,0,NULL,0,NULL,0,NULL,0,1
481,"ALE, DARK, LAGER, SPECIAL, WHEAT",5,"amber, american pale ale, ipa",3,NULL,0,NULL,0,NULL,0,NULL,0,NULL,0,porter,1,7
482,"DARK, LAGER, NON-ALCO, SPECIAL, WHEAT",5,NULL,0,pilsner,1,NULL,0,NULL,0,NULL,0,NULL,0,NULL,0,5
483,ALE,1,saison,1,NULL,0,NULL,0,NULL,0,NULL,0,NULL,0,NULL,0,1
484,"ALE, DARK, LAGER, SPECIAL",4,american pale ale,1,NULL,0,NULL,0,NULL,0,NULL,0,NULL,0,porter,1,4
485,ALE,1,ipa,1,NULL,0,NULL,0,NULL,0,NULL,0,NULL,0,NULL,0,1
486,"ALE, SOUR",2,NULL,0,NULL,0,NULL,0,NULL,0,NULL,0,NULL,0,NULL,0,2
487,LAGER,1,NULL,0,NULL,0,NULL,0,NULL,0,NULL,0,NULL,0,NULL,0,1
489,"ALE, DARK, LAGER",3,"amber, american pale ale, ipa",3,NULL,0,NULL,0,NULL,0,NULL,0,NULL,0,stout,1,5
490,"ALE, DARK, LAGER, SPECIAL, WHEAT",5,"american pale ale, ipa",2,NULL,0,hefeweizen,1,NULL,0,NULL,0,NULL,0,dunkel,1,6
491,"ALE, DARK",2,american pale ale,1,NULL,0,NULL,0,NULL,0,NULL,0,NULL,0,stout,1,2
492,"ALE, DARK, LAGER, NON-ALCO, SPECIAL, WHEAT",6,"belgian, english pale ale, ipa, saison",4,"marzen, pilsner",2,"grodziskie, hefeweizen",2,NULL,0,NULL,0,NULL,0,"bock, dunkel, porter",3,13
494,"ALE, DARK, LAGER, SPECIAL, WHEAT",5,"american pale ale, ipa",2,NULL,0,hefeweizen,1,NULL,0,NULL,0,NULL,0,NULL,0,6
495,"ALE, DARK, LAGER, SPECIAL, WHEAT",5,"amber, american pale ale, ipa",3,marzen,1,hefeweizen,1,NULL,0,NULL,0,NULL,0,"bock, stout",2,8
496,"ALE, DARK, LAGER, SOUR, WHEAT",5,"american pale ale, belgian, ipa, saison",4,NULL,0,NULL,0,NULL,0,gose,1,NULL,0,NULL,0,8
498,ALE,1,"belgian, ipa",2,NULL,0,NULL,0,NULL,0,NULL,0,NULL,0,NULL,0,2
499,"ALE, DARK, LAGER, SPECIAL, WHEAT",5,"belgian, english pale ale, ipa",3,NULL,0,NULL,0,NULL,0,NULL,0,NULL,0,porter,1,7
500,"DARK, LAGER, SPECIAL",3,NULL,0,pilsner,1,NULL,0,NULL,0,NULL,0,NULL,0,NULL,0,3
501,"ALE, DARK, LAGER, SPECIAL",4,"amber, ipa",2,NULL,0,NULL,0,NULL,0,NULL,0,NULL,0,stout,1,5
502,"ALE, DARK, SOUR",3,"american pale ale, ipa",2,NULL,0,NULL,0,NULL,0,NULL,0,NULL,0,stout,1,4
503,"ALE, DARK, LAGER, SOUR, WHEAT",5,ipa,1,NULL,0,NULL,0,NULL,0,"berliner weisse, gose",2,NULL,0,stout,1,6
504,"DARK, LAGER",2,NULL,0,NULL,0,NULL,0,NULL,0,NULL,0,NULL,0,NULL,0,2
505,"ALE, DARK, LAGER, SOUR, SPECIAL, WHEAT",6,"amber, ipa",2,NULL,0,NULL,0,NULL,0,berliner weisse,1,NULL,0,"bock, stout",2,8
506,"ALE, DARK, LAGER, SPECIAL",4,"amber, american pale ale, ipa",3,NULL,0,NULL,0,NULL,0,NULL,0,NULL,0,"bock, stout",2,7
507,"ALE, DARK, LAGER, NON-ALCO, SOUR, SPECIAL, WHEAT",7,"american pale ale, belgian, ipa, saison",4,pilsner,1,oatmeal,1,NULL,0,"berliner weisse, gose",2,barleywine,1,"bock, porter, stout",3,13
508,ALE,1,ipa,1,NULL,0,NULL,0,NULL,0,NULL,0,NULL,0,NULL,0,1
509,LAGER,1,NULL,0,NULL,0,NULL,0,NULL,0,NULL,0,NULL,0,NULL,0,1
510,"ALE, LAGER",2,american pale ale,1,NULL,0,NULL,0,NULL,0,NULL,0,NULL,0,NULL,0,2
511,"ALE, DARK, LAGER, NON-ALCO, SOUR, SPECIAL, WHEAT",7,ipa,1,pilsner,1,hefeweizen,1,NULL,0,NULL,0,NULL,0,"dunkel, stout",2,8
512,"ALE, DARK, LAGER, WHEAT",4,"amber, american pale ale, belgian, ipa",4,NULL,0,hefeweizen,1,NULL,0,NULL,0,NULL,0,"dunkel, porter, stout",3,9
513,"ALE, DARK, LAGER, SOUR, WHEAT",5,"american pale ale, belgian, ipa",3,NULL,0,oatmeal,1,NULL,0,gose,1,NULL,0,"porter, stout",2,8
514,"DARK, LAGER, NON-ALCO, SPECIAL",4,NULL,0,pilsner,1,NULL,0,NULL,0,NULL,0,NULL,0,NULL,0,4
515,LAGER,1,NULL,0,NULL,0,NULL,0,NULL,0,NULL,0,NULL,0,NULL,0,1
516,ALE,1,steinbier,1,NULL,0,NULL,0,NULL,0,NULL,0,NULL,0,NULL,0,1
517,LAGER,1,NULL,0,helles,1,NULL,0,NULL,0,NULL,0,NULL,0,NULL,0,1
518,"ALE, DARK, LAGER",3,ipa,1,NULL,0,NULL,0,NULL,0,NULL,0,NULL,0,stout,1,3
519,"ALE, DARK, LAGER, SPECIAL",4,"american pale ale, ipa",2,NULL,0,NULL,0,NULL,0,NULL,0,NULL,0,NULL,0,5
520,"ALE, DARK, LAGER, SPECIAL, WHEAT",5,"amber, american pale ale, ipa",3,NULL,0,hefeweizen,1,NULL,0,NULL,0,NULL,0,"dunkel, stout",2,8
521,"LAGER, SPECIAL",2,NULL,0,NULL,0,NULL,0,NULL,0,NULL,0,NULL,0,NULL,0,2
522,"DARK, LAGER",2,NULL,0,NULL,0,NULL,0,NULL,0,NULL,0,NULL,0,NULL,0,2
523,"ALE, DARK, LAGER",3,ipa,1,NULL,0,NULL,0,NULL,0,NULL,0,NULL,0,NULL,0,3
524,"ALE, DARK, LAGER, SOUR, SPECIAL, WHEAT",6,"altbier, amber, american pale ale, belgian, english pale ale, ipa, kolsch",7,NULL,0,"hefeweizen, oatmeal, roggenbier",3,NULL,0,"berliner weisse, gose",2,pumpkin,1,"bock, stout",2,16
525,"ALE, DARK, LAGER, SPECIAL, WHEAT",5,"altbier, amber, american pale ale, belgian, ipa",5,"kellerbier, pilsner",2,"hefeweizen, oatmeal, roggenbier",3,NULL,0,NULL,0,NULL,0,"bock, dunkel, stout",3,14
526,"ALE, DARK, LAGER",3,ipa,1,NULL,0,NULL,0,NULL,0,NULL,0,NULL,0,NULL,0,3
527,"ALE, DARK, LAGER, SPECIAL, WHEAT",5,"altbier, american pale ale, belgian, english pale ale, ipa, kolsch",6,"marzen, steam beer",2,hefeweizen,1,NULL,0,NULL,0,barleywine,1,"bock, dunkel, porter, stout",4,14
528,"DARK, LAGER, SPECIAL",3,NULL,0,pilsner,1,NULL,0,NULL,0,NULL,0,NULL,0,NULL,0,3
529,"DARK, LAGER, SPECIAL",3,NULL,0,NULL,0,NULL,0,NULL,0,NULL,0,NULL,0,NULL,0,3
530,"ALE, DARK, LAGER, SPECIAL, WHEAT",5,ipa,1,NULL,0,hefeweizen,1,NULL,0,NULL,0,NULL,0,"porter, stout",2,6
531,"DARK, LAGER, SPECIAL",3,NULL,0,NULL,0,NULL,0,NULL,0,NULL,0,NULL,0,NULL,0,3
532,"ALE, DARK, LAGER, SPECIAL, WHEAT",5,"amber, american pale ale, belgian, ipa",4,marzen,1,hefeweizen,1,NULL,0,NULL,0,NULL,0,"bock, dunkel, porter, stout",4,11
533,"ALE, DARK, LAGER, SPECIAL, WHEAT",5,ipa,1,NULL,0,hefeweizen,1,NULL,0,NULL,0,NULL,0,porter,1,5
534,"DARK, LAGER, SPECIAL",3,NULL,0,NULL,0,NULL,0,NULL,0,NULL,0,NULL,0,NULL,0,3
535,"ALE, DARK, LAGER, SPECIAL, WHEAT",5,"american pale ale, ipa",2,NULL,0,hefeweizen,1,NULL,0,NULL,0,NULL,0,stout,1,6
536,"ALE, DARK, LAGER, WHEAT",4,NULL,0,NULL,0,hefeweizen,1,NULL,0,NULL,0,NULL,0,"bock, stout",2,5
537,LAGER,1,NULL,0,NULL,0,NULL,0,NULL,0,NULL,0,NULL,0,NULL,0,1
538,ALE,1,"american pale ale, ipa",2,NULL,0,NULL,0,NULL,0,NULL,0,NULL,0,NULL,0,2
539,"ALE, LAGER, WHEAT",3,ipa,1,NULL,0,hefeweizen,1,NULL,0,NULL,0,NULL,0,NULL,0,3
540,"ALE, DARK, LAGER, SOUR",4,"american pale ale, ipa, saison",3,schwarzbier,1,NULL,0,NULL,0,gose,1,NULL,0,stout,1,6
541,LAGER,1,NULL,0,NULL,0,NULL,0,NULL,0,NULL,0,NULL,0,NULL,0,1
542,"ALE, DARK, LAGER",3,"amber, american pale ale",2,NULL,0,NULL,0,NULL,0,NULL,0,NULL,0,stout,1,4
543,LAGER,1,NULL,0,NULL,0,NULL,0,NULL,0,NULL,0,NULL,0,NULL,0,1
544,"ALE, DARK, LAGER, SOUR, SPECIAL, WHEAT",6,"american pale ale, ipa",2,NULL,0,hefeweizen,1,NULL,0,berliner weisse,1,barleywine,1,"bock, stout",2,8
545,"ALE, DARK, LAGER, SOUR, SPECIAL, WHEAT",6,"amber, american pale ale, belgian, english pale ale, ipa, saison",6,"festbier, marzen, pilsner",3,"hefeweizen, oatmeal, roggenbier",3,NULL,0,gose,1,"barleywine, pumpkin",2,"bock, stout",2,17
546,ALE,1,"american pale ale, ipa",2,NULL,0,NULL,0,NULL,0,NULL,0,NULL,0,NULL,0,2
547,"DARK, LAGER, NON-ALCO, SPECIAL",4,NULL,0,pilsner,1,NULL,0,NULL,0,NULL,0,NULL,0,NULL,0,4
549,"DARK, LAGER, SPECIAL",3,NULL,0,pilsner,1,NULL,0,NULL,0,NULL,0,NULL,0,NULL,0,3
550,"ALE, DARK",2,"american pale ale, ipa",2,NULL,0,NULL,0,NULL,0,NULL,0,NULL,0,NULL,0,3
552,"ALE, DARK, LAGER, SPECIAL",4,"amber, american pale ale",2,NULL,0,NULL,0,NULL,0,NULL,0,NULL,0,stout,1,5
553,LAGER,1,NULL,0,NULL,0,NULL,0,NULL,0,NULL,0,NULL,0,NULL,0,1
554,"ALE, DARK, LAGER, SOUR, SPECIAL, WHEAT",6,"american pale ale, ipa",2,NULL,0,oatmeal,1,NULL,0,NULL,0,NULL,0,"porter, stout",2,8
555,"ALE, LAGER, SPECIAL, WHEAT",4,NULL,0,helles,1,hefeweizen,1,NULL,0,NULL,0,NULL,0,NULL,0,4
556,ALE,1,ipa,1,NULL,0,NULL,0,NULL,0,NULL,0,NULL,0,NULL,0,1
558,LAGER,1,NULL,0,NULL,0,NULL,0,NULL,0,NULL,0,NULL,0,NULL,0,1
559,"ALE, DARK, LAGER",3,ipa,1,NULL,0,NULL,0,NULL,0,NULL,0,NULL,0,NULL,0,3
560,"DARK, LAGER, NON-ALCO, SPECIAL",4,NULL,0,pilsner,1,NULL,0,NULL,0,NULL,0,NULL,0,NULL,0,4
561,"ALE, DARK, LAGER, SPECIAL",4,"american pale ale, english pale ale, ipa",3,NULL,0,NULL,0,NULL,0,NULL,0,NULL,0,bock,1,6
562,"ALE, DARK, LAGER, SPECIAL, WHEAT",5,"amber, american pale ale, belgian, english pale ale, ipa",5,NULL,0,hefeweizen,1,NULL,0,NULL,0,NULL,0,"porter, stout",2,10
563,"ALE, DARK, LAGER, NON-ALCO, SPECIAL, WHEAT",6,NULL,0,pilsner,1,hefeweizen,1,NULL,0,NULL,0,NULL,0,dunkel,1,6
565,"DARK, LAGER, SPECIAL",3,NULL,0,festbier,1,NULL,0,NULL,0,NULL,0,NULL,0,NULL,0,3
566,"ALE, DARK, LAGER, NON-ALCO, SPECIAL",5,"american pale ale, ipa",2,pilsner,1,NULL,0,NULL,0,NULL,0,NULL,0,NULL,0,6
567,"ALE, SOUR",2,"amber, american pale ale, ipa",3,NULL,0,NULL,0,NULL,0,gose,1,NULL,0,NULL,0,4
568,"ALE, LAGER",2,ipa,1,NULL,0,NULL,0,NULL,0,NULL,0,NULL,0,NULL,0,2
569,"ALE, LAGER, NON-ALCO",3,NULL,0,NULL,0,NULL,0,NULL,0,NULL,0,NULL,0,NULL,0,3
571,"ALE, LAGER, WHEAT",3,NULL,0,NULL,0,NULL,0,NULL,0,NULL,0,NULL,0,NULL,0,3
572,"DARK, LAGER",2,NULL,0,pilsner,1,NULL,0,NULL,0,NULL,0,NULL,0,bock,1,2
574,LAGER,1,NULL,0,NULL,0,NULL,0,NULL,0,NULL,0,NULL,0,NULL,0,1
575,"ALE, DARK, LAGER, SPECIAL, WHEAT",5,"american pale ale, ipa, saison",3,NULL,0,hefeweizen,1,NULL,0,NULL,0,NULL,0,porter,1,7
576,"ALE, DARK, LAGER, NON-ALCO, SPECIAL, WHEAT",6,NULL,0,pilsner,1,hefeweizen,1,NULL,0,NULL,0,NULL,0,NULL,0,6
577,"ALE, DARK, WHEAT",3,ipa,1,NULL,0,NULL,0,NULL,0,NULL,0,NULL,0,stout,1,3
578,"ALE, LAGER, SPECIAL",3,ipa,1,NULL,0,NULL,0,NULL,0,NULL,0,NULL,0,NULL,0,3
579,ALE,1,"american pale ale, ipa",2,NULL,0,NULL,0,NULL,0,NULL,0,NULL,0,NULL,0,2
580,LAGER,1,NULL,0,NULL,0,NULL,0,NULL,0,NULL,0,NULL,0,NULL,0,1
581,"ALE, DARK, LAGER, SPECIAL, WHEAT",5,"american pale ale, belgian, english pale ale, ipa",4,NULL,0,NULL,0,NULL,0,NULL,0,NULL,0,stout,1,8
582,"ALE, DARK, LAGER, WHEAT",4,"american pale ale, ipa",2,marzen,1,hefeweizen,1,NULL,0,NULL,0,NULL,0,NULL,0,5
583,"ALE, DARK, LAGER, SPECIAL, WHEAT",5,ipa,1,festbier,1,hefeweizen,1,NULL,0,NULL,0,NULL,0,dunkel,1,5
584,"ALE, DARK, LAGER, SOUR, SPECIAL, WHEAT",6,"amber, american pale ale, belgian, english pale ale, ipa, saison",6,"marzen, pilsner",2,hefeweizen,1,NULL,0,gose,1,barleywine,1,"bock, dunkel, stout",3,14
585,ALE,1,american pale ale,1,NULL,0,NULL,0,NULL,0,NULL,0,NULL,0,NULL,0,1
586,"LAGER, SPECIAL",2,NULL,0,NULL,0,NULL,0,NULL,0,NULL,0,NULL,0,NULL,0,2
587,"ALE, DARK, LAGER, SPECIAL, WHEAT",5,"belgian, english pale ale, saison",3,marzen,1,hefeweizen,1,NULL,0,NULL,0,NULL,0,"dunkel, porter, stout",3,9
588,"ALE, DARK, LAGER, WHEAT",4,"altbier, amber, american pale ale, english pale ale, ipa",5,pilsner,1,hefeweizen,1,NULL,0,NULL,0,NULL,0,stout,1,8
589,"ALE, DARK",2,NULL,0,NULL,0,NULL,0,NULL,0,NULL,0,NULL,0,stout,1,2
591,"DARK, LAGER, SPECIAL",3,NULL,0,NULL,0,NULL,0,NULL,0,NULL,0,NULL,0,NULL,0,3
592,"ALE, DARK, LAGER, SPECIAL, WHEAT",5,"amber, american pale ale",2,NULL,0,hefeweizen,1,NULL,0,NULL,0,NULL,0,bock,1,6
593,"ALE, DARK",2,"american pale ale, ipa",2,NULL,0,NULL,0,NULL,0,NULL,0,NULL,0,porter,1,3
594,"DARK, LAGER, NON-ALCO, SPECIAL",4,NULL,0,pilsner,1,NULL,0,NULL,0,NULL,0,NULL,0,NULL,0,4
595,"ALE, LAGER, WHEAT",3,"american pale ale, ipa",2,NULL,0,oatmeal,1,NULL,0,NULL,0,NULL,0,NULL,0,4
596,"ALE, LAGER, SPECIAL, WHEAT",4,ipa,1,marzen,1,hefeweizen,1,NULL,0,NULL,0,NULL,0,NULL,0,4
598,"ALE, DARK, LAGER",3,"american pale ale, belgian, ipa",3,NULL,0,NULL,0,NULL,0,NULL,0,NULL,0,stout,1,5
600,"ALE, SOUR",2,"amber, ipa",2,NULL,0,NULL,0,NULL,0,gose,1,NULL,0,NULL,0,3
601,"ALE, DARK, LAGER, SPECIAL",4,"amber, american pale ale, english pale ale, ipa",4,NULL,0,NULL,0,NULL,0,NULL,0,NULL,0,stout,1,7
602,"ALE, DARK, LAGER, SPECIAL, WHEAT",5,"altbier, amber, belgian, english pale ale, ipa",5,"marzen, pilsner",2,hefeweizen,1,NULL,0,NULL,0,NULL,0,"bock, stout",2,11
603,"DARK, LAGER, SPECIAL",3,NULL,0,pilsner,1,NULL,0,NULL,0,NULL,0,NULL,0,NULL,0,3
604,"LAGER, SPECIAL",2,NULL,0,NULL,0,NULL,0,NULL,0,NULL,0,NULL,0,NULL,0,2
605,"DARK, LAGER, SPECIAL",3,NULL,0,pilsner,1,NULL,0,NULL,0,NULL,0,NULL,0,NULL,0,3
606,"ALE, DARK, LAGER, SPECIAL, WHEAT",5,"american pale ale, ipa",2,NULL,0,NULL,0,NULL,0,NULL,0,NULL,0,stout,1,6
608,"ALE, DARK, LAGER, WHEAT",4,"american pale ale, ipa",2,NULL,0,grodziskie,1,NULL,0,NULL,0,NULL,0,porter,1,5
609,"ALE, LAGER, WHEAT",3,"belgian, kolsch",2,NULL,0,NULL,0,NULL,0,NULL,0,NULL,0,NULL,0,4
610,"ALE, DARK, LAGER, SPECIAL",4,ipa,1,NULL,0,NULL,0,NULL,0,NULL,0,NULL,0,porter,1,4
612,"ALE, LAGER",2,"american pale ale, ipa",2,NULL,0,NULL,0,NULL,0,NULL,0,NULL,0,NULL,0,3
613,"ALE, DARK, LAGER, SPECIAL",4,"american pale ale, ipa",2,NULL,0,NULL,0,NULL,0,NULL,0,NULL,0,NULL,0,5
614,"ALE, DARK, LAGER, SPECIAL, WHEAT",5,ipa,1,NULL,0,hefeweizen,1,NULL,0,NULL,0,NULL,0,NULL,0,5
615,"ALE, DARK, LAGER, SPECIAL, WHEAT",5,NULL,0,pilsner,1,NULL,0,NULL,0,NULL,0,NULL,0,NULL,0,5
616,"ALE, DARK, LAGER",3,NULL,0,NULL,0,NULL,0,NULL,0,NULL,0,NULL,0,stout,1,3
617,"ALE, DARK, LAGER, SPECIAL, WHEAT",5,"american pale ale, ipa",2,NULL,0,hefeweizen,1,NULL,0,NULL,0,NULL,0,stout,1,6
618,"ALE, DARK, LAGER, SPECIAL, WHEAT",5,ipa,1,NULL,0,hefeweizen,1,NULL,0,NULL,0,NULL,0,stout,1,5
619,"LAGER, SPECIAL",2,NULL,0,NULL,0,NULL,0,NULL,0,NULL,0,NULL,0,NULL,0,2
621,"ALE, DARK, LAGER, SPECIAL, WHEAT",5,NULL,0,pilsner,1,hefeweizen,1,NULL,0,NULL,0,NULL,0,stout,1,5
623,"LAGER, SPECIAL",2,NULL,0,NULL,0,NULL,0,NULL,0,NULL,0,NULL,0,NULL,0,2
624,"ALE, DARK, LAGER, SPECIAL, WHEAT",5,"altbier, american pale ale, belgian, ipa",4,schwarzbier,1,hefeweizen,1,NULL,0,NULL,0,NULL,0,"bock, stout",2,9
626,"ALE, LAGER, SPECIAL, WHEAT",4,NULL,0,NULL,0,hefeweizen,1,NULL,0,NULL,0,NULL,0,NULL,0,4
627,"ALE, DARK, LAGER, SPECIAL, WHEAT",5,NULL,0,pilsner,1,hefeweizen,1,NULL,0,NULL,0,NULL,0,dunkel,1,5
628,"ALE, LAGER",2,ipa,1,NULL,0,NULL,0,NULL,0,NULL,0,NULL,0,NULL,0,2
629,ALE,1,ipa,1,NULL,0,NULL,0,NULL,0,NULL,0,NULL,0,NULL,0,1
630,"ALE, DARK, LAGER, SPECIAL, WHEAT",5,american pale ale,1,pilsner,1,hefeweizen,1,NULL,0,NULL,0,NULL,0,NULL,0,5
631,"ALE, DARK, LAGER, SPECIAL, WHEAT",5,american pale ale,1,"helles, marzen",2,hefeweizen,1,NULL,0,NULL,0,NULL,0,stout,1,6
634,"ALE, DARK, LAGER, SPECIAL, WHEAT",5,"amber, american pale ale, belgian, ipa",4,pilsner,1,hefeweizen,1,NULL,0,NULL,0,NULL,0,NULL,0,8
635,"ALE, DARK, LAGER, SOUR, WHEAT",5,"belgian, ipa",2,NULL,0,NULL,0,NULL,0,NULL,0,NULL,0,porter,1,6
636,"ALE, DARK, LAGER, SPECIAL",4,"american pale ale, belgian, ipa",3,NULL,0,NULL,0,NULL,0,NULL,0,NULL,0,stout,1,6
637,"DARK, LAGER",2,NULL,0,NULL,0,NULL,0,NULL,0,NULL,0,NULL,0,NULL,0,2
638,"ALE, LAGER",2,american pale ale,1,NULL,0,NULL,0,NULL,0,NULL,0,NULL,0,NULL,0,2
639,"ALE, DARK, LAGER, NON-ALCO, SOUR, SPECIAL, WHEAT",7,"american pale ale, belgian, ipa, kolsch, saison",5,pilsner,1,"grodziskie, hefeweizen, oatmeal",3,NULL,0,"berliner weisse, gose",2,"barleywine, pumpkin",2,"bock, porter, stout",3,17
640,"ALE, LAGER, SPECIAL, WHEAT",4,NULL,0,NULL,0,hefeweizen,1,NULL,0,NULL,0,NULL,0,NULL,0,4
641,"ALE, DARK, LAGER, WHEAT",4,"american pale ale, belgian",2,NULL,0,NULL,0,NULL,0,NULL,0,NULL,0,NULL,0,5
642,LAGER,1,NULL,0,NULL,0,NULL,0,NULL,0,NULL,0,NULL,0,NULL,0,1
644,"ALE, DARK, LAGER, SOUR, SPECIAL, WHEAT",6,"altbier, amber, american pale ale, belgian, english pale ale, ipa, kolsch, saison",8,NULL,0,oatmeal,1,NULL,0,gose,1,NULL,0,"bock, porter, stout",3,15
645,"ALE, DARK, LAGER",3,amber,1,NULL,0,NULL,0,NULL,0,NULL,0,NULL,0,stout,1,3
646,LAGER,1,NULL,0,NULL,0,NULL,0,NULL,0,NULL,0,NULL,0,NULL,0,1
647,"ALE, DARK, LAGER",3,amber,1,NULL,0,NULL,0,NULL,0,NULL,0,NULL,0,NULL,0,3
648,"ALE, DARK, LAGER, SPECIAL",4,"amber, ipa",2,NULL,0,NULL,0,NULL,0,NULL,0,NULL,0,NULL,0,5
649,LAGER,1,NULL,0,NULL,0,NULL,0,NULL,0,NULL,0,NULL,0,NULL,0,1
650,"LAGER, SPECIAL",2,NULL,0,NULL,0,NULL,0,NULL,0,NULL,0,NULL,0,NULL,0,2
651,"ALE, DARK, LAGER, SPECIAL",4,ipa,1,NULL,0,NULL,0,NULL,0,NULL,0,NULL,0,NULL,0,4
652,"ALE, LAGER, SPECIAL",3,american pale ale,1,NULL,0,NULL,0,NULL,0,NULL,0,NULL,0,NULL,0,3
653,"ALE, LAGER",2,american pale ale,1,NULL,0,NULL,0,NULL,0,NULL,0,NULL,0,NULL,0,2
654,"ALE, DARK, LAGER, SPECIAL, WHEAT",5,"amber, american pale ale, belgian, english pale ale, ipa, saison",6,pilsner,1,"grodziskie, hefeweizen",2,NULL,0,NULL,0,barleywine,1,"bock, porter, stout",3,13
655,"ALE, DARK, LAGER, SPECIAL, WHEAT",5,"american pale ale, ipa",2,NULL,0,hefeweizen,1,NULL,0,NULL,0,NULL,0,"bock, stout",2,7
656,"ALE, DARK, LAGER, SPECIAL, WHEAT",5,"altbier, amber, american pale ale, belgian, ipa",5,NULL,0,NULL,0,NULL,0,NULL,0,NULL,0,NULL,0,9
657,LAGER,1,NULL,0,NULL,0,NULL,0,NULL,0,NULL,0,NULL,0,NULL,0,1
658,"ALE, DARK, LAGER, SPECIAL",4,"belgian, ipa, saison",3,NULL,0,NULL,0,NULL,0,NULL,0,NULL,0,NULL,0,6
659,"ALE, LAGER",2,ipa,1,NULL,0,NULL,0,NULL,0,NULL,0,NULL,0,NULL,0,2
661,"ALE, LAGER, WHEAT",3,ipa,1,NULL,0,hefeweizen,1,NULL,0,NULL,0,NULL,0,NULL,0,3
662,"ALE, DARK, LAGER, WHEAT",4,"amber, american pale ale, ipa",3,NULL,0,hefeweizen,1,NULL,0,NULL,0,NULL,0,dunkel,1,6
663,"ALE, LAGER, SPECIAL, WHEAT",4,NULL,0,pilsner,1,hefeweizen,1,NULL,0,NULL,0,NULL,0,NULL,0,4
664,"ALE, DARK, LAGER, NON-ALCO, SPECIAL, WHEAT",6,"amber, american pale ale, belgian, english pale ale, ipa, saison",6,steam beer,1,"grodziskie, oatmeal",2,NULL,0,NULL,0,NULL,0,"porter, stout",2,13
665,"ALE, LAGER",2,american pale ale,1,NULL,0,NULL,0,NULL,0,NULL,0,NULL,0,NULL,0,2
666,"ALE, LAGER",2,"american pale ale, ipa, kolsch",3,helles,1,NULL,0,NULL,0,NULL,0,NULL,0,NULL,0,4
667,"ALE, DARK, LAGER, SOUR, SPECIAL",5,amber,1,NULL,0,NULL,0,NULL,0,NULL,0,NULL,0,NULL,0,5
668,"ALE, DARK, LAGER, SPECIAL, WHEAT",5,american pale ale,1,NULL,0,hefeweizen,1,NULL,0,NULL,0,NULL,0,NULL,0,5
669,"DARK, LAGER, SPECIAL",3,NULL,0,NULL,0,NULL,0,NULL,0,NULL,0,NULL,0,NULL,0,3
670,"ALE, LAGER",2,ipa,1,NULL,0,NULL,0,NULL,0,NULL,0,NULL,0,NULL,0,2
671,"ALE, DARK, LAGER, SPECIAL, WHEAT",5,"amber, american pale ale, ipa",3,NULL,0,hefeweizen,1,NULL,0,NULL,0,NULL,0,"bock, stout",2,8
672,LAGER,1,NULL,0,NULL,0,NULL,0,NULL,0,NULL,0,NULL,0,NULL,0,1
673,"ALE, DARK, LAGER",3,"english pale ale, ipa",2,festbier,1,NULL,0,NULL,0,NULL,0,NULL,0,dunkel,1,4
674,ALE,1,"belgian, saison",2,NULL,0,NULL,0,NULL,0,NULL,0,NULL,0,NULL,0,2
676,"ALE, LAGER, SPECIAL",3,NULL,0,NULL,0,NULL,0,NULL,0,NULL,0,NULL,0,NULL,0,3
677,"DARK, LAGER, NON-ALCO, SPECIAL",4,NULL,0,pilsner,1,NULL,0,NULL,0,NULL,0,NULL,0,bock,1,4
678,"DARK, LAGER, NON-ALCO, SPECIAL",4,NULL,0,pilsner,1,NULL,0,NULL,0,NULL,0,NULL,0,bock,1,4
680,"ALE, DARK, LAGER, NON-ALCO, SPECIAL, WHEAT",6,"belgian, ipa",2,pilsner,1,hefeweizen,1,NULL,0,NULL,0,NULL,0,NULL,0,7
683,"DARK, LAGER",2,NULL,0,NULL,0,NULL,0,NULL,0,NULL,0,NULL,0,bock,1,2
684,"DARK, LAGER, SPECIAL",3,NULL,0,pilsner,1,NULL,0,NULL,0,NULL,0,NULL,0,bock,1,3
686,"LAGER, SPECIAL",2,NULL,0,NULL,0,NULL,0,NULL,0,NULL,0,NULL,0,NULL,0,2
687,"ALE, DARK, LAGER, SPECIAL",4,ipa,1,NULL,0,NULL,0,NULL,0,NULL,0,NULL,0,NULL,0,4
688,"DARK, LAGER, SPECIAL",3,NULL,0,NULL,0,NULL,0,NULL,0,NULL,0,NULL,0,NULL,0,3
689,"DARK, LAGER, SPECIAL",3,NULL,0,NULL,0,NULL,0,NULL,0,NULL,0,NULL,0,NULL,0,3
690,"ALE, DARK, LAGER, SPECIAL",4,american pale ale,1,NULL,0,NULL,0,NULL,0,NULL,0,NULL,0,NULL,0,4
691,LAGER,1,NULL,0,NULL,0,NULL,0,NULL,0,NULL,0,NULL,0,NULL,0,1
694,"DARK, LAGER, NON-ALCO, SPECIAL",4,NULL,0,pilsner,1,NULL,0,NULL,0,NULL,0,NULL,0,NULL,0,4
695,"ALE, DARK, LAGER, SPECIAL, WHEAT",5,"amber, american pale ale, belgian, english pale ale, ipa",5,pilsner,1,"hefeweizen, oatmeal",2,NULL,0,NULL,0,"barleywine, pumpkin",2,"bock, dunkel, porter, stout",4,14
697,"ALE, DARK, LAGER, SOUR, SPECIAL, WHEAT",6,"american pale ale, ipa",2,marzen,1,oatmeal,1,NULL,0,NULL,0,NULL,0,"bock, stout",2,8
698,"ALE, DARK, LAGER, NON-ALCO, SOUR, SPECIAL, WHEAT",7,"amber, american pale ale, belgian, ipa, kolsch, saison",6,NULL,0,oatmeal,1,NULL,0,berliner weisse,1,pumpkin,1,"bock, stout",2,13
699,"ALE, DARK, LAGER, SPECIAL, WHEAT",5,"amber, belgian, ipa",3,pilsner,1,"grodziskie, hefeweizen",2,NULL,0,NULL,0,NULL,0,NULL,0,8
700,"ALE, DARK, LAGER, SPECIAL, WHEAT",5,"altbier, american pale ale, ipa",3,NULL,0,hefeweizen,1,NULL,0,NULL,0,NULL,0,stout,1,7
701,"ALE, DARK, LAGER, SOUR, SPECIAL, WHEAT",6,"amber, belgian, english pale ale, ipa",4,NULL,0,NULL,0,NULL,0,berliner weisse,1,NULL,0,"bock, porter, stout",3,11
703,"ALE, DARK, LAGER, SPECIAL",4,ipa,1,NULL,0,NULL,0,NULL,0,NULL,0,NULL,0,NULL,0,4
704,LAGER,1,NULL,0,NULL,0,NULL,0,NULL,0,NULL,0,NULL,0,NULL,0,1
706,"ALE, DARK",2,ipa,1,NULL,0,NULL,0,NULL,0,NULL,0,NULL,0,NULL,0,2
707,"ALE, DARK, LAGER, SPECIAL, WHEAT",5,"belgian, ipa",2,NULL,0,hefeweizen,1,NULL,0,NULL,0,NULL,0,NULL,0,6
709,"ALE, LAGER, SPECIAL, WHEAT",4,"amber, american pale ale, belgian, ipa",4,NULL,0,NULL,0,NULL,0,NULL,0,NULL,0,NULL,0,7
710,"ALE, DARK, LAGER, SPECIAL, WHEAT",5,"amber, american pale ale, ipa",3,pilsner,1,hefeweizen,1,NULL,0,NULL,0,NULL,0,"porter, stout",2,8
711,"LAGER, SPECIAL",2,NULL,0,pilsner,1,NULL,0,NULL,0,NULL,0,NULL,0,NULL,0,2
712,"LAGER, SPECIAL, WHEAT",3,NULL,0,NULL,0,NULL,0,NULL,0,NULL,0,NULL,0,NULL,0,3
713,"ALE, LAGER, WHEAT",3,american pale ale,1,NULL,0,hefeweizen,1,NULL,0,NULL,0,NULL,0,NULL,0,3
714,"ALE, LAGER",2,american pale ale,1,NULL,0,NULL,0,NULL,0,NULL,0,NULL,0,NULL,0,2
716,LAGER,1,NULL,0,NULL,0,NULL,0,NULL,0,NULL,0,NULL,0,NULL,0,1
718,"ALE, DARK, LAGER, SPECIAL, WHEAT",5,"american pale ale, belgian",2,NULL,0,hefeweizen,1,NULL,0,NULL,0,NULL,0,"bock, dunkel",2,7
719,"ALE, DARK, LAGER, SPECIAL, WHEAT",5,"amber, ipa",2,marzen,1,NULL,0,NULL,0,NULL,0,NULL,0,stout,1,6
721,"ALE, DARK, LAGER",3,ipa,1,NULL,0,NULL,0,NULL,0,NULL,0,NULL,0,NULL,0,3
722,"ALE, DARK, LAGER, WHEAT",4,belgian,1,NULL,0,NULL,0,NULL,0,NULL,0,NULL,0,NULL,0,4
723,LAGER,1,NULL,0,NULL,0,NULL,0,NULL,0,NULL,0,NULL,0,NULL,0,1
724,"ALE, LAGER, SPECIAL",3,ipa,1,marzen,1,NULL,0,NULL,0,NULL,0,NULL,0,NULL,0,3
725,"LAGER, SPECIAL",2,NULL,0,NULL,0,NULL,0,NULL,0,NULL,0,NULL,0,NULL,0,2
726,"LAGER, SPECIAL",2,NULL,0,NULL,0,NULL,0,NULL,0,NULL,0,NULL,0,NULL,0,2
727,LAGER,1,NULL,0,NULL,0,NULL,0,NULL,0,NULL,0,NULL,0,NULL,0,1
728,"ALE, LAGER, SPECIAL",3,amber,1,NULL,0,NULL,0,NULL,0,NULL,0,NULL,0,NULL,0,3
729,"LAGER, SPECIAL",2,NULL,0,NULL,0,NULL,0,NULL,0,NULL,0,NULL,0,NULL,0,2
731,"LAGER, SPECIAL",2,NULL,0,NULL,0,NULL,0,NULL,0,NULL,0,NULL,0,NULL,0,2
732,"ALE, DARK, LAGER, SPECIAL",4,"american pale ale, ipa",2,NULL,0,NULL,0,NULL,0,NULL,0,NULL,0,NULL,0,5
733,"ALE, DARK, LAGER, NON-ALCO, SPECIAL, WHEAT",6,"belgian, ipa",2,NULL,0,NULL,0,NULL,0,NULL,0,NULL,0,stout,1,7
734,"ALE, DARK, LAGER, SPECIAL, WHEAT",5,ipa,1,pilsner,1,hefeweizen,1,NULL,0,NULL,0,NULL,0,NULL,0,5
737,"ALE, LAGER, SOUR",3,"amber, ipa",2,NULL,0,NULL,0,NULL,0,NULL,0,NULL,0,NULL,0,4
738,"LAGER, SPECIAL",2,NULL,0,pilsner,1,NULL,0,NULL,0,NULL,0,NULL,0,NULL,0,2
739,"ALE, DARK, LAGER, SPECIAL, WHEAT",5,"amber, american pale ale, belgian, ipa, saison",5,pilsner,1,hefeweizen,1,NULL,0,NULL,0,NULL,0,stout,1,9
740,"ALE, LAGER",2,ipa,1,NULL,0,NULL,0,NULL,0,NULL,0,NULL,0,NULL,0,2
741,LAGER,1,NULL,0,NULL,0,NULL,0,NULL,0,NULL,0,NULL,0,NULL,0,1
742,"ALE, DARK, LAGER, SPECIAL, WHEAT",5,NULL,0,pilsner,1,hefeweizen,1,NULL,0,NULL,0,NULL,0,NULL,0,5
743,"ALE, DARK, LAGER, SPECIAL",4,amber,1,NULL,0,NULL,0,NULL,0,NULL,0,NULL,0,NULL,0,4
815,ALE,1,"american pale ale, ipa",2,NULL,0,NULL,0,NULL,0,NULL,0,NULL,0,NULL,0,2
816,"ALE, DARK, LAGER, SPECIAL",4,ipa,1,marzen,1,NULL,0,NULL,0,NULL,0,barleywine,1,"porter, stout",2,5
817,"ALE, SOUR, WHEAT",3,ipa,1,NULL,0,hefeweizen,1,NULL,0,NULL,0,NULL,0,NULL,0,3
818,"ALE, DARK, WHEAT",3,dampfbier,1,NULL,0,oatmeal,1,NULL,0,NULL,0,NULL,0,"bock, stout",2,4
819,"ALE, DARK, SOUR",3,NULL,0,NULL,0,NULL,0,NULL,0,NULL,0,NULL,0,NULL,0,3
820,"ALE, DARK, WHEAT",3,NULL,0,NULL,0,NULL,0,NULL,0,NULL,0,NULL,0,dunkel,1,3
821,"ALE, SOUR, SPECIAL",3,"amber, ipa, saison",3,NULL,0,NULL,0,NULL,0,gose,1,kvas,1,NULL,0,5
822,ALE,1,ipa,1,NULL,0,NULL,0,NULL,0,NULL,0,NULL,0,NULL,0,1
823,"ALE, LAGER, SPECIAL",3,amber,1,NULL,0,NULL,0,NULL,0,NULL,0,NULL,0,NULL,0,3
824,"ALE, DARK",2,NULL,0,NULL,0,NULL,0,NULL,0,NULL,0,NULL,0,stout,1,2
825,ALE,1,ipa,1,NULL,0,NULL,0,NULL,0,NULL,0,NULL,0,NULL,0,1
826,"ALE, SOUR",2,ipa,1,NULL,0,NULL,0,NULL,0,NULL,0,NULL,0,NULL,0,2
827,"ALE, LAGER",2,american pale ale,1,NULL,0,NULL,0,NULL,0,NULL,0,NULL,0,NULL,0,2
828,ALE,1,ipa,1,NULL,0,NULL,0,NULL,0,NULL,0,NULL,0,NULL,0,1
829,ALE,1,NULL,0,NULL,0,NULL,0,NULL,0,NULL,0,NULL,0,NULL,0,1
830,ALE,1,NULL,0,NULL,0,NULL,0,NULL,0,NULL,0,NULL,0,NULL,0,1
